iteration,current_cost,candidate_cost,best_cost,temperature,feasible
1,1085.1319155104015,1233.317274425659,1085.1319155104015,500.0,True
2,1085.1319155104015,1271.4173305397385,1085.1319155104015,497.5,True
3,1195.1139634311328,1195.1139634311328,1085.1319155104015,495.0125,True
4,1195.1139634311328,1533.1954445531683,1085.1319155104015,492.5374375,True
5,1195.1139634311328,1407.7110689504466,1085.1319155104015,490.0747503125,True
6,1236.8569213889302,1236.8569213889302,1085.1319155104015,487.6243765609375,True
7,1236.8569213889302,1422.603869869043,1085.1319155104015,485.1862546781328,True
8,1327.4847918993744,1327.4847918993744,1085.1319155104015,482.7603234047421,True
9,1519.5306601264008,1519.5306601264008,1085.1319155104015,480.3465217877184,True
10,1737.1585239340034,1737.1585239340034,1085.1319155104015,477.94478917877984,False
11,1737.1585239340034,1879.3407147853748,1085.1319155104015,475.55506523288597,False
12,1804.7176929765126,1804.7176929765126,1085.1319155104015,473.1772899067215,False
13,2062.8502815375577,2062.8502815375577,1085.1319155104015,470.8114034571879,False
14,2187.000276430156,2187.000276430156,1085.1319155104015,468.457346439902,False
15,2332.3091261272916,2332.3091261272916,1085.1319155104015,466.11505970770247,False
16,2334.2533796913276,2334.2533796913276,1085.1319155104015,463.78448440916395,False
17,2157.021939689901,2157.021939689901,1085.1319155104015,461.4655619871181,False
18,2149.329219359365,2149.329219359365,1085.1319155104015,459.1582341771825,False
19,2235.9021779182303,2235.9021779182303,1085.1319155104015,456.8624430062966,False
20,2429.629348997307,2429.629348997307,1085.1319155104015,454.5781307912651,False
21,2474.2344989430076,2474.2344989430076,1085.1319155104015,452.3052401373088,True
22,2296.566333116739,2296.566333116739,1085.1319155104015,450.0437139366222,True
23,2288.0495866140036,2288.0495866140036,1085.1319155104015,447.7934953669391,True
24,2329.2749066664273,2329.2749066664273,1085.1319155104015,445.5545278901044,True
25,2322.1826954982344,2322.1826954982344,1085.1319155104015,443.3267552506539,True
26,2367.344729725327,2367.344729725327,1085.1319155104015,441.1101214744006,True
27,2173.427139918852,2173.427139918852,1085.1319155104015,438.9045708670286,True
28,2163.123709491808,2163.123709491808,1085.1319155104015,436.71004801269345,True
29,2173.852618408825,2173.852618408825,1085.1319155104015,434.52649777262997,True
30,2173.852618408825,2304.44257677797,1085.1319155104015,432.3538652837668,True
31,2223.657435058809,2223.657435058809,1085.1319155104015,430.192095957348,True
32,2057.572945556268,2057.572945556268,1085.1319155104015,428.0411354775612,True
33,2010.6986268329042,2010.6986268329042,1085.1319155104015,425.9009298001734,True
34,2086.541221717848,2086.541221717848,1085.1319155104015,423.77142515117254,True
35,2080.4062669263176,2080.4062669263176,1085.1319155104015,421.65256802541666,True
36,2080.4062669263176,2418.116694327333,1085.1319155104015,419.54430518528955,False
37,2080.4062669263176,2240.2844015939218,1085.1319155104015,417.4465836593631,True
38,2080.4062669263176,2181.750169268109,1085.1319155104015,415.3593507410663,False
39,2080.7404649545706,2080.7404649545706,1085.1319155104015,413.282553987361,True
40,2120.1856771465727,2120.1856771465727,1085.1319155104015,411.2161412174242,True
41,2129.481802184593,2129.481802184593,1085.1319155104015,409.16006051133706,True
42,2136.077440443146,2136.077440443146,1085.1319155104015,407.11426020878037,True
43,2182.6270206137333,2182.6270206137333,1085.1319155104015,405.0786889077365,True
44,2260.3310803040604,2260.3310803040604,1085.1319155104015,403.0532954631978,True
45,2268.633244283923,2268.633244283923,1085.1319155104015,401.0380289858818,True
46,2282.0795924302283,2282.0795924302283,1085.1319155104015,399.03283884095237,False
47,2362.961604007792,2362.961604007792,1085.1319155104015,397.0376746467476,False
48,2377.7767235884025,2377.7767235884025,1085.1319155104015,395.05248627351386,False
49,2361.6312303572936,2361.6312303572936,1085.1319155104015,393.0772238421463,False
50,2481.8501036681246,2481.8501036681246,1085.1319155104015,391.11183772293555,False
51,2481.8501036681246,2481.8501036681246,1085.1319155104015,389.15627853432085,False
52,2455.5517596109926,2455.5517596109926,1085.1319155104015,387.2104971416492,True
53,2450.541084180765,2450.541084180765,1085.1319155104015,385.27444465594095,True
54,2452.2887584288897,2452.2887584288897,1085.1319155104015,383.34807243266124,True
55,2483.92296470959,2483.92296470959,1085.1319155104015,381.43133207049794,True
56,2498.215598932549,2498.215598932549,1085.1319155104015,379.52417541014546,True
57,2472.5275497562207,2472.5275497562207,1085.1319155104015,377.62655453309475,True
58,2469.206197701441,2469.206197701441,1085.1319155104015,375.7384217604293,True
59,2486.380647329389,2486.380647329389,1085.1319155104015,373.8597296516271,True
60,2447.7258277356036,2447.7258277356036,1085.1319155104015,371.990431003369,True
61,2340.0070168016723,2340.0070168016723,1085.1319155104015,370.13047884835214,True
62,2299.0151341476685,2299.0151341476685,1085.1319155104015,368.2798264541104,True
63,2342.13263306169,2342.13263306169,1085.1319155104015,366.4384273218398,True
64,2342.13263306169,2461.007003549661,1085.1319155104015,364.6062351852306,True
65,2303.5662839471056,2303.5662839471056,1085.1319155104015,362.7832040093045,True
66,2241.7385786644454,2241.7385786644454,1085.1319155104015,360.96928798925796,True
67,2241.7385786644454,2425.51268681659,1085.1319155104015,359.1644415493117,False
68,2353.467261289741,2353.467261289741,1085.1319155104015,357.36861934156514,True
69,2228.6612880184384,2228.6612880184384,1085.1319155104015,355.5817762448573,True
70,2252.1951688267563,2252.1951688267563,1085.1319155104015,353.803867363633,False
71,2201.1770299402715,2201.1770299402715,1085.1319155104015,352.0348480268148,False
72,2239.8072584648094,2239.8072584648094,1085.1319155104015,350.27467378668075,True
73,2143.808507030785,2143.808507030785,1085.1319155104015,348.52330041774735,True
74,2273.5781474860228,2273.5781474860228,1085.1319155104015,346.7806839156586,True
75,2308.401980415504,2308.401980415504,1085.1319155104015,345.0467804960803,True
76,2220.2488441637342,2220.2488441637342,1085.1319155104015,343.3215465935999,True
77,2334.942009160704,2334.942009160704,1085.1319155104015,341.60493886063193,True
78,2387.820255820577,2387.820255820577,1085.1319155104015,339.89691416632877,True
79,2377.8042508164735,2377.8042508164735,1085.1319155104015,338.1974295954971,True
80,2380.2027016020575,2380.2027016020575,1085.1319155104015,336.50644244751965,True
81,2363.7674969709415,2363.7674969709415,1085.1319155104015,334.823910235282,True
82,2518.080932186542,2518.080932186542,1085.1319155104015,333.1497906841056,True
83,2332.9313812637815,2332.9313812637815,1085.1319155104015,331.4840417306851,True
84,2378.8475342542656,2378.8475342542656,1085.1319155104015,329.82662152203164,True
85,2474.915432235692,2474.915432235692,1085.1319155104015,328.1774884144215,True
86,2549.5909929112768,2549.5909929112768,1085.1319155104015,326.5366009723494,True
87,2210.8321836189357,2210.8321836189357,1085.1319155104015,324.90391796748764,True
88,2210.8321836189357,2569.77492828721,1085.1319155104015,323.2793983776502,True
89,2227.4656786615237,2227.4656786615237,1085.1319155104015,321.6630013857619,True
90,2247.4935954336356,2247.4935954336356,1085.1319155104015,320.0546863788331,True
91,2099.858963493919,2099.858963493919,1085.1319155104015,318.45441294693893,True
92,2363.8832120385805,2363.8832120385805,1085.1319155104015,316.86214088220424,True
93,2320.550421209973,2320.550421209973,1085.1319155104015,315.27783017779325,True
94,2227.425887968039,2227.425887968039,1085.1319155104015,313.70144102690426,True
95,2162.4106861541077,2162.4106861541077,1085.1319155104015,312.13293382176977,True
96,2218.6777956252113,2218.6777956252113,1085.1319155104015,310.5722691526609,True
97,2096.602961100094,2096.602961100094,1085.1319155104015,309.0194078068976,True
98,2107.802677153939,2107.802677153939,1085.1319155104015,307.47431076786313,True
99,2123.6743891783563,2123.6743891783563,1085.1319155104015,305.9369392140238,True
100,2123.6743891783563,2176.8939927857646,1085.1319155104015,304.4072545179537,True
101,2193.762099840867,2193.762099840867,1085.1319155104015,302.8852182453639,True
102,2193.762099840867,2373.4843431044014,1085.1319155104015,301.37079215413706,False
103,2193.762099840867,2395.396706519983,1085.1319155104015,299.8639381933664,True
104,2255.7977819728358,2255.7977819728358,1085.1319155104015,298.36461850239954,False
105,2113.143084215076,2113.143084215076,1085.1319155104015,296.87279540988754,True
106,2187.8184751489034,2187.8184751489034,1085.1319155104015,295.3884314328381,True
107,2187.8184751489034,2327.7718742367974,1085.1319155104015,293.9114892756739,True
108,2142.1379708618006,2142.1379708618006,1085.1319155104015,292.4419318292955,True
109,2055.9957424843715,2055.9957424843715,1085.1319155104015,290.97972217014905,True
110,2275.273663353097,2275.273663353097,1085.1319155104015,289.5248235592983,True
111,2307.0543964272865,2307.0543964272865,1085.1319155104015,288.0771994415018,True
112,2351.9459612217406,2351.9459612217406,1085.1319155104015,286.6368134442943,True
113,2351.9459612217406,2528.676463734201,1085.1319155104015,285.20362937707284,True
114,2351.9459612217406,2365.8339784156724,1085.1319155104015,283.77761123018746,True
115,2351.9459612217406,2458.921773293435,1085.1319155104015,282.3587231740365,True
116,2351.9459612217406,2528.676463734201,1085.1319155104015,280.94692955816635,True
117,2404.266414611283,2404.266414611283,1085.1319155104015,279.5421949103755,True
118,2404.266414611283,2473.124079074294,1085.1319155104015,278.1444839358236,True
119,2404.266414611283,2505.644159921319,1085.1319155104015,276.7537615161445,False
120,2404.266414611283,2486.9181680186475,1085.1319155104015,275.36999270856376,True
121,2447.4560011732046,2447.4560011732046,1085.1319155104015,273.9931427450209,True
122,2447.4560011732046,2538.702136408955,1085.1319155104015,272.6231770312958,True
123,2436.093966453627,2436.093966453627,1085.1319155104015,271.2600611461393,True
124,2295.2144903415547,2295.2144903415547,1085.1319155104015,269.9037608404086,True
125,2316.7143625184685,2316.7143625184685,1085.1319155104015,268.5542420362066,True
126,2184.6420743040576,2184.6420743040576,1085.1319155104015,267.21147082602556,True
127,2284.768024166514,2284.768024166514,1085.1319155104015,265.87541347189546,True
128,2322.60917199596,2322.60917199596,1085.1319155104015,264.546036404536,True
129,2322.60917199596,2453.205620892231,1085.1319155104015,263.2233062225133,True
130,2286.210381253298,2286.210381253298,1085.1319155104015,261.90718969140073,True
131,2356.441688725752,2356.441688725752,1085.1319155104015,260.59765374294375,True
132,2297.73435264978,2297.73435264978,1085.1319155104015,259.294665474229,False
133,2400.6318306462276,2400.6318306462276,1085.1319155104015,257.9981921468579,False
134,2462.1666788109396,2462.1666788109396,1085.1319155104015,256.7082011861236,False
135,2462.1666788109396,2595.7626440656354,1085.1319155104015,255.42466018019294,False
136,2615.6188335553406,2615.6188335553406,1085.1319155104015,254.14753687929198,False
137,2428.699697628056,2428.699697628056,1085.1319155104015,252.8767991948955,False
138,2314.4875602017887,2314.4875602017887,1085.1319155104015,251.61241519892104,True
139,2307.0394460495772,2307.0394460495772,1085.1319155104015,250.35435312292643,True
140,2357.12753877993,2357.12753877993,1085.1319155104015,249.1025813573118,True
141,2413.8009906597204,2413.8009906597204,1085.1319155104015,247.85706845052525,True
142,2581.762973861591,2581.762973861591,1085.1319155104015,246.61778310827262,False
143,2411.5497999952345,2411.5497999952345,1085.1319155104015,245.38469419273125,False
144,2267.318017846368,2267.318017846368,1085.1319155104015,244.15777072176758,False
145,2278.619841810584,2278.619841810584,1085.1319155104015,242.93698186815874,False
146,2205.1799862249877,2205.1799862249877,1085.1319155104015,241.72229695881794,False
147,2225.976066472702,2225.976066472702,1085.1319155104015,240.51368547402384,False
148,2225.976066472702,2394.489742939901,1085.1319155104015,239.31111704665372,True
149,2225.976066472702,2225.976066472702,1085.1319155104015,238.11456146142046,False
150,2167.7299034685907,2167.7299034685907,1085.1319155104015,236.92398865411337,True
151,2105.0019020412246,2105.0019020412246,1085.1319155104015,235.7393687108428,True
152,2105.0019020412246,2349.5715889914213,1085.1319155104015,234.5606718672886,True
153,1931.4441173956104,1931.4441173956104,1085.1319155104015,233.38786850795213,True
154,1931.4441173956104,2118.9871816428404,1085.1319155104015,232.22092916541237,True
155,1894.881874433832,1894.881874433832,1085.1319155104015,231.0598245195853,True
156,1822.6783593771324,1822.6783593771324,1085.1319155104015,229.90452539698737,True
157,2017.322965246114,2017.322965246114,1085.1319155104015,228.75500277000242,True
158,2017.322965246114,2267.5559382380648,1085.1319155104015,227.6112277561524,True
159,2053.9403257216436,2053.9403257216436,1085.1319155104015,226.47317161737163,True
160,2053.9403257216436,2078.0059150942375,1085.1319155104015,225.34080575928476,True
161,2188.943176977496,2188.943176977496,1085.1319155104015,224.21410173048835,True
162,2188.943176977496,2188.943176977496,1085.1319155104015,223.0930312218359,True
163,2351.99351142899,2351.99351142899,1085.1319155104015,221.97756606572673,True
164,2326.0892955614104,2326.0892955614104,1085.1319155104015,220.8676782353981,True
165,2318.1507318706826,2318.1507318706826,1085.1319155104015,219.76333984422112,False
166,2318.1507318706826,2410.822963384304,1085.1319155104015,218.664523145,False
167,2294.3506405345383,2294.3506405345383,1085.1319155104015,217.571200529275,True
168,2280.649214476517,2280.649214476517,1085.1319155104015,216.48334452662863,True
169,2280.649214476517,2481.740607081274,1085.1319155104015,215.40092780399547,False
170,2280.649214476517,2330.0870732414537,1085.1319155104015,214.3239231649755,True
171,2391.749698555739,2391.749698555739,1085.1319155104015,213.2523035491506,True
172,2316.596143756831,2316.596143756831,1085.1319155104015,212.18604203140487,True
173,2345.3944868486233,2345.3944868486233,1085.1319155104015,211.12511182124783,True
174,2299.2706452976636,2299.2706452976636,1085.1319155104015,210.0694862621416,True
175,2238.1246824908226,2238.1246824908226,1085.1319155104015,209.01913883083088,True
176,2254.839352966564,2254.839352966564,1085.1319155104015,207.97404313667673,True
177,2431.164788530469,2431.164788530469,1085.1319155104015,206.93417292099335,False
178,2464.269066504007,2464.269066504007,1085.1319155104015,205.89950205638837,False
179,2449.1880954706526,2449.1880954706526,1085.1319155104015,204.87000454610643,False
180,2477.8816036902713,2477.8816036902713,1085.1319155104015,203.84565452337588,False
181,2369.9322326577144,2369.9322326577144,1085.1319155104015,202.826426250759,False
182,2578.4272882028936,2578.4272882028936,1085.1319155104015,201.8122941195052,False
183,2514.3871239580876,2514.3871239580876,1085.1319155104015,200.80323264890768,True
184,2539.301311202351,2539.301311202351,1085.1319155104015,199.79921648566315,True
185,2507.9094159821784,2507.9094159821784,1085.1319155104015,198.80022040323485,True
186,2575.6534292869046,2575.6534292869046,1085.1319155104015,197.80621930121868,True
187,2462.7096881993007,2462.7096881993007,1085.1319155104015,196.81718820471258,True
188,2462.7096881993007,2514.118872777734,1085.1319155104015,195.83310226368903,False
189,2574.294448229387,2574.294448229387,1085.1319155104015,194.85393675237057,True
190,2420.0797306881136,2420.0797306881136,1085.1319155104015,193.8796670686087,True
191,2383.5464535022966,2383.5464535022966,1085.1319155104015,192.91026873326567,True
192,2414.112681936836,2414.112681936836,1085.1319155104015,191.94571738959934,True
193,2421.3428468675675,2421.3428468675675,1085.1319155104015,190.98598880265135,True
194,2502.8388197125914,2502.8388197125914,1085.1319155104015,190.0310588586381,True
195,2525.916921849119,2525.916921849119,1085.1319155104015,189.0809035643449,True
196,2609.0358075578642,2609.0358075578642,1085.1319155104015,188.1354990465232,True
197,2645.0652813221036,2645.0652813221036,1085.1319155104015,187.19482155129057,True
198,2656.2092763869073,2656.2092763869073,1085.1319155104015,186.2588474435341,True
199,2656.2092763869073,2656.2092763869073,1085.1319155104015,185.32755320631642,True
200,2656.2092763869073,2787.8550370038515,1085.1319155104015,184.40091544028485,False
201,2645.6193903166786,2645.6193903166786,1085.1319155104015,183.47891086308343,False
202,2646.055241117449,2646.055241117449,1085.1319155104015,182.561516308768,False
203,2575.522201733934,2575.522201733934,1085.1319155104015,181.64870872722418,False
204,2557.1080536709064,2557.1080536709064,1085.1319155104015,180.74046518358804,False
205,2504.736335727795,2504.736335727795,1085.1319155104015,179.8367628576701,False
206,2478.299632922703,2478.299632922703,1085.1319155104015,178.93757904338173,False
207,2418.4331972823484,2418.4331972823484,1085.1319155104015,178.0428911481648,False
208,2422.4090012995393,2422.4090012995393,1085.1319155104015,177.152676692424,False
209,2422.4090012995393,2485.478639484195,1085.1319155104015,176.26691330896188,False
210,2413.806267186774,2413.806267186774,1085.1319155104015,175.38557874241707,False
211,2554.857052697412,2554.857052697412,1085.1319155104015,174.50865084870497,False
212,2468.157143272451,2468.157143272451,1085.1319155104015,173.63610759446144,False
213,2446.532043032028,2446.532043032028,1085.1319155104015,172.76792705648913,False
214,2486.684385789314,2486.684385789314,1085.1319155104015,171.90408742120667,False
215,2486.684385789314,2676.73575460633,1085.1319155104015,171.04456698410064,False
216,2444.171585791136,2444.171585791136,1085.1319155104015,170.18934414918013,False
217,2497.6129161773256,2497.6129161773256,1085.1319155104015,169.33839742843423,False
218,2331.2628714941093,2331.2628714941093,1085.1319155104015,168.49170544129205,False
219,2202.1301008539313,2202.1301008539313,1085.1319155104015,167.64924691408558,False
220,2202.1301008539313,2340.7256251092326,1085.1319155104015,166.81100067951516,False
221,2236.3783687715986,2236.3783687715986,1085.1319155104015,165.9769456761176,False
222,2194.4263705401627,2194.4263705401627,1085.1319155104015,165.147060947737,False
223,2177.326702321453,2177.326702321453,1085.1319155104015,164.32132564299832,False
224,2257.344219051331,2257.344219051331,1085.1319155104015,163.49971901478332,False
225,2172.064853528343,2172.064853528343,1085.1319155104015,162.6822204197094,False
226,2023.9596712448815,2023.9596712448815,1085.1319155104015,161.86880931761087,True
227,2023.9596712448815,2169.4362278911117,1085.1319155104015,161.05946527102282,True
228,2023.9596712448815,2350.371979332015,1085.1319155104015,160.2541679446677,False
229,2192.278060670687,2192.278060670687,1085.1319155104015,159.45289710494436,True
230,2023.9596712448815,2023.9596712448815,1085.1319155104015,158.65563261941963,True
231,2133.039648874609,2133.039648874609,1085.1319155104015,157.86235445632255,True
232,2116.0439558497033,2116.0439558497033,1085.1319155104015,157.07304268404093,True
233,2027.264980577449,2027.264980577449,1085.1319155104015,156.28767747062074,True
234,2243.2466395887745,2243.2466395887745,1085.1319155104015,155.50623908326764,False
235,2224.8392427350545,2224.8392427350545,1085.1319155104015,154.7287078878513,False
236,2072.821935661314,2072.821935661314,1085.1319155104015,153.95506434841204,False
237,2072.821935661314,2210.1515422625425,1085.1319155104015,153.18528902666998,False
238,2129.728870115392,2129.728870115392,1085.1319155104015,152.41936258153663,False
239,2108.8724845668894,2108.8724845668894,1085.1319155104015,151.65726576862895,False
240,2108.8724845668894,2309.4585793195915,1085.1319155104015,150.8989794397858,False
241,1974.5904312185462,1974.5904312185462,1085.1319155104015,150.14448454258687,False
242,1940.437160562271,1940.437160562271,1085.1319155104015,149.39376211987394,True
243,2017.6178251558288,2017.6178251558288,1085.1319155104015,148.64679330927456,True
244,1927.164198972667,1927.164198972667,1085.1319155104015,147.9035593427282,True
245,1927.164198972667,2058.5228056478095,1085.1319155104015,147.16404154601454,True
246,1927.164198972667,2017.6178251558288,1085.1319155104015,146.42822133828446,True
247,2009.2285015484906,2009.2285015484906,1085.1319155104015,145.69608023159304,True
248,2034.100403927034,2034.100403927034,1085.1319155104015,144.9675998304351,False
249,1987.1816471671125,1987.1816471671125,1085.1319155104015,144.2427618312829,False
250,1916.0920492396401,1916.0920492396401,1085.1319155104015,143.5215480221265,True
251,1919.3859989521854,1919.3859989521854,1085.1319155104015,142.80394028201587,True
252,1898.986248943304,1898.986248943304,1085.1319155104015,142.0899205806058,True
253,1899.8926166313338,1899.8926166313338,1085.1319155104015,141.37947097770277,True
254,1912.6452444275933,1912.6452444275933,1085.1319155104015,140.67257362281424,True
255,1887.8923864544322,1887.8923864544322,1085.1319155104015,139.96921075470016,True
256,1887.8923864544322,1993.9792508785379,1085.1319155104015,139.26936470092664,True
257,1887.8923864544322,2066.5275978539416,1085.1319155104015,138.57301787742202,True
258,1887.8923864544322,1980.7647804106707,1085.1319155104015,137.8801527880349,True
259,1952.8936742321246,1952.8936742321246,1085.1319155104015,137.19075202409473,True
260,2177.7691231382983,2177.7691231382983,1085.1319155104015,136.50479826397427,False
261,2278.623488828288,2278.623488828288,1085.1319155104015,135.8222742726544,False
262,2364.1504741587064,2364.1504741587064,1085.1319155104015,135.14316290129113,False
263,2365.3962570240897,2365.3962570240897,1085.1319155104015,134.4674470867847,False
264,2301.2792644577708,2301.2792644577708,1085.1319155104015,133.79510985135076,False
265,2309.7742429483255,2309.7742429483255,1085.1319155104015,133.12613430209402,False
266,2363.59355305455,2363.59355305455,1085.1319155104015,132.46050363058353,False
267,2363.59355305455,2553.939726330029,1085.1319155104015,131.7982011124306,False
268,2350.0328118627554,2350.0328118627554,1085.1319155104015,131.13921010686846,False
269,2154.897365614247,2154.897365614247,1085.1319155104015,130.48351405633412,False
270,2154.897365614247,2154.897365614247,1085.1319155104015,129.83109648605245,False
271,2154.897365614247,2189.1237438099683,1085.1319155104015,129.18194100362217,False
272,2082.188154024469,2082.188154024469,1085.1319155104015,128.53603129860406,False
273,2082.188154024469,2197.059311407406,1085.1319155104015,127.89335114211104,False
274,2115.221015432119,2115.221015432119,1085.1319155104015,127.25388438640049,False
275,2187.931408045774,2187.931408045774,1085.1319155104015,126.61761496446849,False
276,2234.9124551073987,2234.9124551073987,1085.1319155104015,125.98452688964615,False
277,2060.7047445810585,2060.7047445810585,1085.1319155104015,125.35460425519791,False
278,2060.7047445810585,2080.6207899847614,1085.1319155104015,124.72783123392192,False
279,2060.7047445810585,2098.775887400525,1085.1319155104015,124.1041920777523,False
280,2112.725690457133,2112.725690457133,1085.1319155104015,123.48367111736354,True
281,2193.575452878881,2193.575452878881,1085.1319155104015,122.86625276177672,True
282,2276.4046525254375,2276.4046525254375,1085.1319155104015,122.25192149796784,True
283,2202.408592933896,2202.408592933896,1085.1319155104015,121.640661890478,True
284,2202.408592933896,2202.408592933896,1085.1319155104015,121.03245858102561,True
285,2202.408592933896,2279.514330776013,1085.1319155104015,120.42729628812047,True
286,2375.2375934877036,2375.2375934877036,1085.1319155104015,119.82515980667986,False
287,2301.0461008327275,2301.0461008327275,1085.1319155104015,119.22603400764646,False
288,2302.8420338850988,2302.8420338850988,1085.1319155104015,118.62990383760823,False
289,2314.131321894492,2314.131321894492,1085.1319155104015,118.03675431842018,False
290,2314.131321894492,2379.384864728281,1085.1319155104015,117.44657054682808,False
291,2352.504379338825,2352.504379338825,1085.1319155104015,116.85933769409394,False
292,2314.7739911390718,2314.7739911390718,1085.1319155104015,116.27504100562346,False
293,2153.0092701653048,2153.0092701653048,1085.1319155104015,115.69366580059534,False
294,2226.5235330632477,2226.5235330632477,1085.1319155104015,115.11519747159237,False
295,2226.5235330632477,2440.71072021954,1085.1319155104015,114.5396214842344,False
296,2098.4321380049496,2098.4321380049496,1085.1319155104015,113.96692337681323,False
297,2098.4321380049496,2256.364916669262,1085.1319155104015,113.39708875992916,False
298,2189.4422739374504,2189.4422739374504,1085.1319155104015,112.83010331612951,False
299,2032.7324882966057,2032.7324882966057,1085.1319155104015,112.26595279954886,True
300,2169.5441978806566,2169.5441978806566,1085.1319155104015,111.70462303555111,False
301,2108.5379858159813,2108.5379858159813,1085.1319155104015,111.14609992037336,False
302,2108.5379858159813,2286.4027119425045,1085.1319155104015,110.5903694207715,False
303,1966.577227946234,1966.577227946234,1085.1319155104015,110.03741757366764,False
304,1966.577227946234,2071.549869195245,1085.1319155104015,109.4872304857993,False
305,1981.7213459230256,1981.7213459230256,1085.1319155104015,108.9397943333703,False
306,1981.7213459230256,2258.6334443137675,1085.1319155104015,108.39509536170345,False
307,2139.5151560625227,2139.5151560625227,1085.1319155104015,107.85311988489494,False
308,2199.512134583759,2199.512134583759,1085.1319155104015,107.31385428547046,False
309,2333.94945147618,2333.94945147618,1085.1319155104015,106.7772850140431,False
310,2265.857439386612,2265.857439386612,1085.1319155104015,106.24339858897288,False
311,2309.1011877358756,2309.1011877358756,1085.1319155104015,105.71218159602802,False
312,2111.6650895188627,2111.6650895188627,1085.1319155104015,105.18362068804788,True
313,2306.2306757950732,2306.2306757950732,1085.1319155104015,104.65770258460765,False
314,2269.5140890415623,2269.5140890415623,1085.1319155104015,104.1344140716846,False
315,2225.8169600275737,2225.8169600275737,1085.1319155104015,103.61374200132617,False
316,2226.757796357053,2226.757796357053,1085.1319155104015,103.09567329131954,False
317,2222.607188595964,2222.607188595964,1085.1319155104015,102.58019492486295,False
318,2222.607188595964,2272.61246363886,1085.1319155104015,102.06729395023864,False
319,2222.607188595964,2276.141320806883,1085.1319155104015,101.55695748048744,False
320,2109.619658124241,2109.619658124241,1085.1319155104015,101.049172693085,False
321,2109.619658124241,2265.0568911922037,1085.1319155104015,100.54392682961958,False
322,2178.449927503676,2178.449927503676,1085.1319155104015,100.04120719547149,False
323,2145.3736949604627,2145.3736949604627,1085.1319155104015,99.54100115949413,False
324,2109.945934351565,2109.945934351565,1085.1319155104015,99.04329615369666,False
325,2151.1854217118453,2151.1854217118453,1085.1319155104015,98.54807967292818,False
326,2131.5661679946866,2131.5661679946866,1085.1319155104015,98.05533927456354,False
327,2103.857138403186,2103.857138403186,1085.1319155104015,97.56506257819072,False
328,2121.860908163321,2121.860908163321,1085.1319155104015,97.07723726529977,False
329,1953.503444117491,1953.503444117491,1085.1319155104015,96.59185107897328,True
330,2075.98738074721,2075.98738074721,1085.1319155104015,96.10889182357842,True
331,2075.98738074721,2101.490491945028,1085.1319155104015,95.62834736446052,False
332,2188.321333953891,2188.321333953891,1085.1319155104015,95.15020562763821,True
333,2070.5373074167896,2070.5373074167896,1085.1319155104015,94.67445459950002,True
334,2070.5373074167896,2270.6683734366206,1085.1319155104015,94.20108232650253,True
335,2019.4761791830044,2019.4761791830044,1085.1319155104015,93.73007691487001,True
336,2092.6616526839193,2092.6616526839193,1085.1319155104015,93.26142653029567,True
337,2092.6616526839193,2136.262589072717,1085.1319155104015,92.79511939764419,True
338,2074.177958406207,2074.177958406207,1085.1319155104015,92.33114380065597,True
339,2037.89610452736,2037.89610452736,1085.1319155104015,91.86948808165269,True
340,2037.89610452736,2154.862388193008,1085.1319155104015,91.41014064124442,False
341,2028.2738454719076,2028.2738454719076,1085.1319155104015,90.9530899380382,True
342,2028.2738454719076,2107.5930368684135,1085.1319155104015,90.49832448834802,True
343,2031.7931370570166,2031.7931370570166,1085.1319155104015,90.04583286590628,True
344,2010.4334168146459,2010.4334168146459,1085.1319155104015,89.59560370157675,True
345,1984.1845083888416,1984.1845083888416,1085.1319155104015,89.14762568306887,True
346,2046.5922276468254,2046.5922276468254,1085.1319155104015,88.70188755465352,True
347,2056.365053655463,2056.365053655463,1085.1319155104015,88.25837811688025,True
348,2056.365053655463,2279.8221711321826,1085.1319155104015,87.81708622629586,False
349,2028.885896305372,2028.885896305372,1085.1319155104015,87.37800079516438,True
350,2028.885896305372,2084.130938671825,1085.1319155104015,86.94111079118856,True
351,2028.885896305372,2090.7537435500935,1085.1319155104015,86.50640523723263,True
352,2101.847461052636,2101.847461052636,1085.1319155104015,86.07387321104646,True
353,2101.847461052636,2101.847461052636,1085.1319155104015,85.64350384499123,True
354,2066.666094397745,2066.666094397745,1085.1319155104015,85.21528632576627,True
355,2066.666094397745,2196.4290937706437,1085.1319155104015,84.78920989413744,True
356,2066.666094397745,2265.420533010889,1085.1319155104015,84.36526384466676,False
357,2066.1892616201953,2066.1892616201953,1085.1319155104015,83.94343752544343,True
358,2085.275454956369,2085.275454956369,1085.1319155104015,83.52372033781621,True
359,2092.8073800389575,2092.8073800389575,1085.1319155104015,83.10610173612713,True
360,2092.8073800389575,2162.55910081973,1085.1319155104015,82.6905712274465,True
361,2092.8073800389575,2238.305974742745,1085.1319155104015,82.27711837130927,True
362,2099.609944359632,2099.609944359632,1085.1319155104015,81.86573277945273,True
363,2096.812030585406,2096.812030585406,1085.1319155104015,81.45640411555546,True
364,2114.7738898461585,2114.7738898461585,1085.1319155104015,81.04912209497768,True
365,2036.8865450788285,2036.8865450788285,1085.1319155104015,80.64387648450278,True
366,2036.8865450788285,2094.9134548089023,1085.1319155104015,80.24065710208026,True
367,1966.9781169250477,1966.9781169250477,1085.1319155104015,79.83945381656986,True
368,1966.9781169250477,2156.201207041425,1085.1319155104015,79.44025654748701,True
369,1966.9781169250477,2090.3286637741985,1085.1319155104015,79.04305526474957,True
370,1966.9781169250477,2174.722799440477,1085.1319155104015,78.64783998842582,True
371,1899.1809071478647,1899.1809071478647,1085.1319155104015,78.25460078848369,True
372,1899.1809071478647,2093.8193947174964,1085.1319155104015,77.86332778454127,True
373,1899.1809071478647,2120.1757529391957,1085.1319155104015,77.47401114561856,True
374,1899.1809071478647,2189.40569401498,1085.1319155104015,77.08664108989046,False
375,1899.1809071478647,2018.9774017111754,1085.1319155104015,76.701207884441,True
376,1899.1809071478647,2311.244059935777,1085.1319155104015,76.3177018450188,False
377,1899.1809071478647,2053.1891953066365,1085.1319155104015,75.9361133357937,False
378,1899.1809071478647,2029.2782700737562,1085.1319155104015,75.55643276911474,True
379,1980.6602359639896,1980.6602359639896,1085.1319155104015,75.17865060526915,True
380,1980.6602359639896,2037.0540867065076,1085.1319155104015,74.8027573522428,True
381,1980.6602359639896,2140.927996291499,1085.1319155104015,74.4287435654816,False
382,1931.3231776979276,1931.3231776979276,1085.1319155104015,74.05659984765418,True
383,1931.3231776979276,2055.436926885758,1085.1319155104015,73.68631684841591,True
384,1931.3231776979276,2071.6646499484905,1085.1319155104015,73.31788526417384,True
385,1986.264308069393,1986.264308069393,1085.1319155104015,72.95129583785297,True
386,1984.8256169522274,1984.8256169522274,1085.1319155104015,72.5865393586637,True
387,1916.0327176559344,1916.0327176559344,1085.1319155104015,72.22360666187038,True
388,1916.0327176559344,2071.0821202303205,1085.1319155104015,71.86248862856102,True
389,1926.9556627405711,1926.9556627405711,1085.1319155104015,71.50317618541821,True
390,1926.9556627405711,2118.1570052851853,1085.1319155104015,71.14566030449112,True
391,1969.6929239913497,1969.6929239913497,1085.1319155104015,70.78993200296865,True
392,1933.674914158464,1933.674914158464,1085.1319155104015,70.4359823429538,False
393,1933.674914158464,1959.6765748510084,1085.1319155104015,70.08380243123904,True
394,1933.674914158464,1965.6232867654123,1085.1319155104015,69.73338341908284,False
395,1933.674914158464,2187.0461599614787,1085.1319155104015,69.38471650198743,False
396,1933.674914158464,1985.6441757077914,1085.1319155104015,69.0377929194775,True
397,1933.674914158464,2073.760786944623,1085.1319155104015,68.69260395488011,False
398,1933.674914158464,2060.609967048939,1085.1319155104015,68.34914093510571,False
399,1933.674914158464,2129.6305289526495,1085.1319155104015,68.00739523043018,False
400,1933.674914158464,1985.2599794090615,1085.1319155104015,67.66735825427803,True
401,1933.674914158464,2257.3325188543035,1085.1319155104015,67.32902146300664,False
402,1933.674914158464,2129.4474654711285,1085.1319155104015,66.9923763556916,False
403,1971.1168436004452,1971.1168436004452,1085.1319155104015,66.65741447391315,False
404,1850.9969278675649,1850.9969278675649,1085.1319155104015,66.32412740154358,False
405,1768.1286223428333,1768.1286223428333,1085.1319155104015,65.99250676453586,False
406,1782.8505313677065,1782.8505313677065,1085.1319155104015,65.66254423071318,False
407,1840.0707251997167,1840.0707251997167,1085.1319155104015,65.33423150955961,False
408,1840.0707251997167,2118.0134028129355,1085.1319155104015,65.00756035201182,False
409,1840.0707251997167,1954.8431530336359,1085.1319155104015,64.68252255025176,False
410,1840.0707251997167,1940.7977064277643,1085.1319155104015,64.3591099375005,False
411,1818.0505347846265,1818.0505347846265,1085.1319155104015,64.037314387813,False
412,1763.706628699267,1763.706628699267,1085.1319155104015,63.71712781587393,True
413,1763.706628699267,2040.5063941925468,1085.1319155104015,63.39854217679456,True
414,1714.6050200528755,1714.6050200528755,1085.1319155104015,63.081549465910584,True
415,1714.6050200528755,1861.9696175260874,1085.1319155104015,62.76614171858103,True
416,1688.8853174399867,1688.8853174399867,1085.1319155104015,62.45231100998813,True
417,1688.8853174399867,1732.9818398654265,1085.1319155104015,62.140049454938186,True
418,1688.8853174399867,1854.89222769,1085.1319155104015,61.8293492076635,True
419,1688.8853174399867,1854.1267882805146,1085.1319155104015,61.52020246162518,True
420,1688.8853174399867,1846.4193496691971,1085.1319155104015,61.212601449317056,True
421,1688.8853174399867,1879.5123410650401,1085.1319155104015,60.90653844207047,True
422,1690.959005835914,1690.959005835914,1085.1319155104015,60.60200574986012,True
423,1690.959005835914,1870.4792160989591,1085.1319155104015,60.29899572111082,True
424,1692.307259868894,1692.307259868894,1085.1319155104015,59.99750074250527,True
425,1692.307259868894,1752.3438300429634,1085.1319155104015,59.69751323879274,True
426,1620.6254318932065,1620.6254318932065,1085.1319155104015,59.399025672598775,True
427,1620.6254318932065,1783.108785492931,1085.1319155104015,59.10203054423578,True
428,1620.6254318932065,1696.3916161267953,1085.1319155104015,58.8065203915146,True
429,1620.6254318932065,1717.2662882736531,1085.1319155104015,58.51248778955703,False
430,1620.6254318932065,1805.616614820603,1085.1319155104015,58.219925350609245,True
431,1620.6254318932065,1816.0766771343365,1085.1319155104015,57.9288257238562,True
432,1620.6254318932065,1784.518648700754,1085.1319155104015,57.63918159523692,True
433,1613.270942519203,1613.270942519203,1085.1319155104015,57.35098568726074,False
434,1613.270942519203,1674.95609921415,1085.1319155104015,57.064230758824436,True
435,1613.270942519203,1755.8658819638113,1085.1319155104015,56.778909605030314,False
436,1613.270942519203,1805.130299820712,1085.1319155104015,56.49501505700516,False
437,1613.270942519203,1738.7569198120987,1085.1319155104015,56.212539981720134,False
438,1613.270942519203,1844.8956574404078,1085.1319155104015,55.93147728181153,False
439,1597.4078245801375,1597.4078245801375,1085.1319155104015,55.651819895402475,False
440,1597.4078245801375,1689.5191638503288,1085.1319155104015,55.373560795925464,False
441,1620.6695215931945,1620.6695215931945,1085.1319155104015,55.09669299194584,False
442,1620.6695215931945,1698.2726151801246,1085.1319155104015,54.82120952698611,False
443,1620.6695215931945,1734.6527349399917,1085.1319155104015,54.54710347935118,False
444,1620.6695215931945,1766.0506079858305,1085.1319155104015,54.274367961954425,False
445,1588.2231454731063,1588.2231454731063,1085.1319155104015,54.00299612214465,False
446,1588.2231454731063,1722.060643426275,1085.1319155104015,53.73298114153393,False
447,1588.2231454731063,1731.856902891238,1085.1319155104015,53.46431623582626,True
448,1588.2231454731063,1822.4256716967957,1085.1319155104015,53.19699465464713,False
449,1588.2231454731063,1846.2735995396747,1085.1319155104015,52.931009681373894,False
450,1841.9669824004354,1841.9669824004354,1085.1319155104015,52.66635463296702,False
451,1876.38871282606,1876.38871282606,1085.1319155104015,52.403022859802185,False
452,1889.0247400205542,1889.0247400205542,1085.1319155104015,52.141007745503174,False
453,1947.031409628564,1947.031409628564,1085.1319155104015,51.88030270677566,False
454,1947.031409628564,2179.9593151066138,1085.1319155104015,51.62090119324178,False
455,1947.031409628564,2094.1675391374465,1085.1319155104015,51.36279668727557,False
456,1947.031409628564,2107.4295362843204,1085.1319155104015,51.10598270383919,False
457,1947.031409628564,2117.554108118876,1085.1319155104015,50.85045279031999,True
458,1947.031409628564,2164.6707183351327,1085.1319155104015,50.59620052636839,False
459,1947.031409628564,2063.2039727561432,1085.1319155104015,50.34321952373655,False
460,1947.031409628564,2143.641280908303,1085.1319155104015,50.09150342611787,False
461,1947.031409628564,2063.0042707296816,1085.1319155104015,49.841045908987276,False
462,1947.031409628564,2010.6978409585906,1085.1319155104015,49.59184067944234,False
463,1955.0457889937925,1955.0457889937925,1085.1319155104015,49.34388147604513,False
464,1951.0865599947572,1951.0865599947572,1085.1319155104015,49.0971620686649,True
465,1951.0865599947572,1970.3214102023724,1085.1319155104015,48.851676258321575,True
466,1951.0865599947572,2004.3336494078453,1085.1319155104015,48.60741787702997,False
467,1887.0617483138888,1887.0617483138888,1085.1319155104015,48.36438078764482,True
468,1774.1646553465491,1774.1646553465491,1085.1319155104015,48.122558883706596,True
469,1774.1646553465491,1949.278003347506,1085.1319155104015,47.881946089288064,True
470,1774.1646553465491,2037.9266136656975,1085.1319155104015,47.642536358841625,True
471,1774.1646553465491,1955.1598031063595,1085.1319155104015,47.404323677047415,True
472,1774.1646553465491,1942.440822422828,1085.1319155104015,47.16730205866218,True
473,1774.1646553465491,2027.1837386056648,1085.1319155104015,46.93146554836887,True
474,1716.4020399414758,1716.4020399414758,1085.1319155104015,46.69680822062703,True
475,1716.4020399414758,1911.0615428244332,1085.1319155104015,46.463324179523894,True
476,1716.4020399414758,1895.1018227030793,1085.1319155104015,46.231007558626274,True
477,1716.4020399414758,1824.176812288385,1085.1319155104015,45.999852520833144,True
478,1715.7159518613748,1715.7159518613748,1085.1319155104015,45.76985325822898,True
479,1722.0405635493714,1722.0405635493714,1085.1319155104015,45.541003991937835,True
480,1722.0405635493714,1855.3300820723655,1085.1319155104015,45.31329897197814,True
481,1722.0405635493714,1998.1691324785018,1085.1319155104015,45.086732477118254,True
482,1656.347199706691,1656.347199706691,1085.1319155104015,44.86129881473266,True
483,1656.347199706691,1894.0728543630194,1085.1319155104015,44.636992320659,True
484,1656.347199706691,1768.2592800646187,1085.1319155104015,44.4138073590557,True
485,1656.347199706691,1933.6701119527988,1085.1319155104015,44.19173832226043,True
486,1656.347199706691,1741.5625218882033,1085.1319155104015,43.970779630649126,True
487,1656.347199706691,1743.4370379928741,1085.1319155104015,43.75092573249588,True
488,1656.347199706691,1853.7704727875182,1085.1319155104015,43.5321711038334,True
489,1656.347199706691,1718.1800854299404,1085.1319155104015,43.31451024831423,True
490,1656.347199706691,1818.176579428343,1085.1319155104015,43.09793769707266,True
491,1656.347199706691,1838.8420097182302,1085.1319155104015,42.882448008587296,True
492,1656.347199706691,1768.7000574879628,1085.1319155104015,42.66803576854436,True
493,1664.2538276174898,1664.2538276174898,1085.1319155104015,42.454695589701636,True
494,1616.7828198607556,1616.7828198607556,1085.1319155104015,42.24242211175313,True
495,1616.7828198607556,1658.2542824597856,1085.1319155104015,42.03121000119436,True
496,1561.754884545834,1561.754884545834,1085.1319155104015,41.82105395118839,True
497,1554.5521396315605,1554.5521396315605,1085.1319155104015,41.611948681432445,True
498,1554.5521396315605,1918.7042937730193,1085.1319155104015,41.40388893802528,True
499,1553.5751432388504,1553.5751432388504,1085.1319155104015,41.19686949333516,True
500,1553.5751432388504,1706.3670991244564,1085.1319155104015,40.99088514586848,True
501,1553.5751432388504,1852.8912526137015,1085.1319155104015,40.78593072013914,False
502,1553.5751432388504,1805.434689478128,1085.1319155104015,40.582001066538446,True
503,1553.5751432388504,1700.2515966075998,1085.1319155104015,40.379091061205756,True
504,1553.5751432388504,1681.320595435815,1085.1319155104015,40.177195605899726,True
505,1553.5751432388504,1891.3667204418282,1085.1319155104015,39.97630962787023,True
506,1559.0430986554027,1559.0430986554027,1085.1319155104015,39.77642807973088,True
507,1559.0430986554027,1705.6844850939317,1085.1319155104015,39.577545939332225,True
508,1553.2328194191289,1553.2328194191289,1085.1319155104015,39.379658209635565,True
509,1538.111477998063,1538.111477998063,1085.1319155104015,39.18275991858739,True
510,1538.111477998063,1587.0735392753695,1085.1319155104015,38.98684611899445,True
511,1538.111477998063,1729.3664960346316,1085.1319155104015,38.791911888399476,True
512,1538.111477998063,1663.1263796220508,1085.1319155104015,38.597952328957476,True
513,1538.111477998063,1826.7327510039368,1085.1319155104015,38.40496256731269,False
514,1538.111477998063,1636.4133038974446,1085.1319155104015,38.21293775447612,True
515,1538.111477998063,1584.6208620113462,1085.1319155104015,38.021873065703744,True
516,1518.9469057691451,1518.9469057691451,1085.1319155104015,37.83176370037523,True
517,1559.379066557188,1559.379066557188,1085.1319155104015,37.64260488187335,True
518,1502.3718275170622,1502.3718275170622,1085.1319155104015,37.45439185746399,True
519,1502.3718275170622,1648.7241887725409,1085.1319155104015,37.26711989817667,True
520,1502.3718275170622,1672.2325365822994,1085.1319155104015,37.080784298685785,True
521,1502.3718275170622,1669.1693487710993,1085.1319155104015,36.89538037719235,True
522,1502.3718275170622,1574.5127498534364,1085.1319155104015,36.71090347530639,True
523,1502.3718275170622,1710.0304041427266,1085.1319155104015,36.52734895792985,True
524,1512.7568683281002,1512.7568683281002,1085.1319155104015,36.344712213140205,True
525,1530.461319565501,1530.461319565501,1085.1319155104015,36.1629886520745,True
526,1530.461319565501,1660.8777490731172,1085.1319155104015,35.98217370881413,True
527,1530.461319565501,1634.3437308382715,1085.1319155104015,35.80226284027006,True
528,1457.8877491606945,1457.8877491606945,1085.1319155104015,35.62325152606871,True
529,1457.8877491606945,1530.461319565501,1085.1319155104015,35.445135268438364,True
530,1457.8877491606945,1712.0733651043488,1085.1319155104015,35.267909592096174,True
531,1440.1832979232936,1440.1832979232936,1085.1319155104015,35.09157004413569,True
532,1440.1832979232936,1483.5821509923146,1085.1319155104015,34.91611219391501,True
533,1440.1832979232936,1567.3118764791839,1085.1319155104015,34.74153163294544,True
534,1440.1832979232936,1676.1267344414975,1085.1319155104015,34.56782397478071,True
535,1440.1832979232936,1566.5372525826008,1085.1319155104015,34.3949848549068,True
536,1474.5701943114948,1474.5701943114948,1085.1319155104015,34.223009930632266,True
537,1529.3047937569659,1529.3047937569659,1085.1319155104015,34.051894880979106,True
538,1529.3047937569659,1708.0603022261264,1085.1319155104015,33.88163540657421,False
539,1525.4137334053348,1525.4137334053348,1085.1319155104015,33.71222722954134,True
540,1525.4137334053348,1636.3537515752946,1085.1319155104015,33.54366609339363,True
541,1525.4137334053348,1728.332384121138,1085.1319155104015,33.375947762926664,True
542,1525.4137334053348,1672.8966238402427,1085.1319155104015,33.20906802411203,True
543,1550.120003036812,1550.120003036812,1085.1319155104015,33.04302268399147,True
544,1550.120003036812,1754.0248996070093,1085.1319155104015,32.87780757057151,True
545,1550.120003036812,1691.3966809898195,1085.1319155104015,32.713418532718656,True
546,1550.120003036812,1878.3449475789596,1085.1319155104015,32.549851440055065,True
547,1550.120003036812,1649.6820969290018,1085.1319155104015,32.38710218285479,True
548,1550.120003036812,1761.638489730799,1085.1319155104015,32.225166671940514,True
549,1550.120003036812,1586.2886156417046,1085.1319155104015,32.06404083858081,True
550,1550.120003036812,1800.2239764570147,1085.1319155104015,31.903720634387906,True
551,1550.120003036812,1694.4421409474464,1085.1319155104015,31.744202031215966,True
552,1550.120003036812,1651.7336569355823,1085.1319155104015,31.585481021059888,True
553,1550.120003036812,1739.2516147917343,1085.1319155104015,31.427553615954587,True
554,1550.120003036812,1715.3298836169452,1085.1319155104015,31.270415847874812,True
555,1550.120003036812,1719.7679281653782,1085.1319155104015,31.11406376863544,True
556,1548.1358481268894,1548.1358481268894,1085.1319155104015,30.95849344979226,True
557,1548.1358481268894,1606.9585578840813,1085.1319155104015,30.8037009825433,True
558,1548.1358481268894,1683.997669812034,1085.1319155104015,30.649682477630584,True
559,1548.1358481268894,1690.5148138628256,1085.1319155104015,30.496434065242433,True
560,1548.1358481268894,1588.8828484058843,1085.1319155104015,30.34395189491622,True
561,1548.1358481268894,1710.4455397365834,1085.1319155104015,30.19223213544164,True
562,1548.1358481268894,1672.0913175565477,1085.1319155104015,30.04127097476443,True
563,1542.2628142336334,1542.2628142336334,1085.1319155104015,29.891064619890606,True
564,1542.2628142336334,1790.1136085331207,1085.1319155104015,29.741609296791154,True
565,1542.2628142336334,1703.5910090280129,1085.1319155104015,29.592901250307197,True
566,1542.2628142336334,1944.8029379788677,1085.1319155104015,29.44493674405566,True
567,1542.2628142336334,1771.6605973906985,1085.1319155104015,29.297712060335382,True
568,1456.5909645168413,1456.5909645168413,1085.1319155104015,29.151223500033705,True
569,1456.5909645168413,1488.3442927880553,1085.1319155104015,29.005467382533535,True
570,1456.5909645168413,1795.9479665681824,1085.1319155104015,28.860440045620866,False
571,1425.106592364106,1425.106592364106,1085.1319155104015,28.716137845392762,True
572,1425.106592364106,1620.3309322655552,1085.1319155104015,28.572557156165796,True
573,1425.106592364106,1578.222249076627,1085.1319155104015,28.42969437038497,True
574,1456.7120898999194,1456.7120898999194,1085.1319155104015,28.287545898533043,True
575,1456.7120898999194,1534.8218786787486,1085.1319155104015,28.146108169040378,True
576,1456.7120898999194,1782.878438955966,1085.1319155104015,28.005377628195177,True
577,1456.7120898999194,1558.1986063006586,1085.1319155104015,27.8653507400542,True
578,1456.7120898999194,1655.1198465248683,1085.1319155104015,27.72602398635393,False
579,1456.7120898999194,1580.9833092449721,1085.1319155104015,27.58739386642216,True
580,1456.7120898999194,1736.9497464380197,1085.1319155104015,27.44945689709005,True
581,1456.7120898999194,1667.661559205378,1085.1319155104015,27.3122096126046,True
582,1456.7120898999194,1642.7558238943502,1085.1319155104015,27.17564856454158,True
583,1456.7120898999194,1744.5495813110458,1085.1319155104015,27.03977032171887,True
584,1451.4265233292235,1451.4265233292235,1085.1319155104015,26.904571470110273,True
585,1451.4265233292235,1673.856364158826,1085.1319155104015,26.770048612759723,True
586,1451.4265233292235,1497.8221820013189,1085.1319155104015,26.636198369695926,True
587,1451.4265233292235,1539.080382198747,1085.1319155104015,26.503017377847446,True
588,1451.4265233292235,1646.299932754777,1085.1319155104015,26.370502290958207,True
589,1451.4265233292235,1586.0735900170541,1085.1319155104015,26.238649779503415,True
590,1451.4265233292235,1558.6804001211465,1085.1319155104015,26.107456530605898,True
591,1451.4265233292235,1681.02120215466,1085.1319155104015,25.976919247952868,True
592,1451.4265233292235,1793.0167186676426,1085.1319155104015,25.847034651713102,True
593,1451.4265233292235,1635.243154940122,1085.1319155104015,25.717799478454538,False
594,1451.4265233292235,1591.2766400449589,1085.1319155104015,25.589210481062263,True
595,1451.4265233292235,1547.8732773120034,1085.1319155104015,25.461264428656953,True
596,1451.4265233292235,1558.6804001211465,1085.1319155104015,25.33395810651367,True
597,1451.4265233292235,1529.543293138276,1085.1319155104015,25.207288315981103,True
598,1451.4265233292235,1591.2766400449589,1085.1319155104015,25.081251874401197,True
599,1451.4265233292235,1601.7414914617145,1085.1319155104015,24.95584561502919,True
600,1451.4265233292235,1781.6324252080128,1085.1319155104015,24.831066386954046,True
601,1451.4265233292235,1597.7164146274793,1085.1319155104015,24.706911055019276,True
602,1390.5354647424604,1390.5354647424604,1085.1319155104015,24.58337649974418,True
603,1390.5354647424604,1598.7359435116784,1085.1319155104015,24.46045961724546,False
604,1390.5354647424604,1496.3575550884518,1085.1319155104015,24.33815731915923,True
605,1390.5354647424604,1487.2144962694636,1085.1319155104015,24.216466532563434,True
606,1390.5354647424604,1518.7837286183587,1085.1319155104015,24.095384199900618,True
607,1390.5354647424604,1446.5826233392738,1085.1319155104015,23.974907278901114,True
608,1390.5354647424604,1618.4043649878538,1085.1319155104015,23.85503274250661,True
609,1390.5354647424604,1444.4492101302471,1085.1319155104015,23.735757578794075,True
610,1390.5354647424604,1463.564583254889,1085.1319155104015,23.617078790900106,True
611,1390.5354647424604,1535.1041733621105,1085.1319155104015,23.498993396945604,True
612,1390.5354647424604,1576.211352806989,1085.1319155104015,23.381498429960875,True
613,1390.5354647424604,1631.79793969238,1085.1319155104015,23.26459093781107,True
614,1390.5354647424604,1409.0504035587364,1085.1319155104015,23.148267983122015,True
615,1390.5354647424604,1690.1342863973155,1085.1319155104015,23.032526643206406,True
616,1390.5354647424604,1608.5170372731563,1085.1319155104015,22.917364009990376,True
617,1444.7181509898028,1444.7181509898028,1085.1319155104015,22.802777189940425,False
618,1444.7181509898028,1576.6263138442905,1085.1319155104015,22.688763303990722,True
619,1444.7181509898028,1562.8737927937555,1085.1319155104015,22.575319487470768,False
620,1444.7181509898028,1636.50815273523,1085.1319155104015,22.462442890033415,False
621,1444.7181509898028,1645.8532755976062,1085.1319155104015,22.350130675583248,False
622,1444.7181509898028,1576.2177374991134,1085.1319155104015,22.23838002220533,True
623,1476.0159480493057,1476.0159480493057,1085.1319155104015,22.127188122094303,False
624,1476.0159480493057,1643.8388179693861,1085.1319155104015,22.01655218148383,False
625,1476.0159480493057,1531.269028509396,1085.1319155104015,21.90646942057641,True
626,1476.0159480493057,1589.483243700816,1085.1319155104015,21.79693707347353,False
627,1441.1951107505506,1441.1951107505506,1085.1319155104015,21.68795238810616,True
628,1493.0356557765565,1493.0356557765565,1085.1319155104015,21.57951262616563,True
629,1493.0356557765565,1590.696746732636,1085.1319155104015,21.471615063034804,True
630,1493.0356557765565,1667.7024748221068,1085.1319155104015,21.36425698771963,True
631,1493.0356557765565,1587.7842790036561,1085.1319155104015,21.257435702781034,False
632,1491.5405759991108,1491.5405759991108,1085.1319155104015,21.15114852426713,True
633,1491.5405759991108,1515.6311031069806,1085.1319155104015,21.04539278164579,True
634,1445.4945573051593,1445.4945573051593,1085.1319155104015,20.94016581773756,True
635,1445.4945573051593,1610.6082569080825,1085.1319155104015,20.835464988648873,True
636,1445.4945573051593,1615.8279144126702,1085.1319155104015,20.73128766370563,True
637,1445.4945573051593,1539.9454413442322,1085.1319155104015,20.627631225387102,True
638,1445.4945573051593,1566.9868817484492,1085.1319155104015,20.524493069260167,True
639,1445.4945573051593,1658.1117594668256,1085.1319155104015,20.421870603913867,True
640,1445.4945573051593,1604.5502846017155,1085.1319155104015,20.3197612508943,True
641,1445.4945573051593,1490.0603092934784,1085.1319155104015,20.218162444639827,True
642,1445.4945573051593,1525.3959719684917,1085.1319155104015,20.11707163241663,True
643,1445.4945573051593,1477.2111508309886,1085.1319155104015,20.016486274254547,True
644,1445.4945573051593,1603.6387477783612,1085.1319155104015,19.916403842883273,True
645,1445.4945573051593,1649.4325236677396,1085.1319155104015,19.816821823668857,True
646,1445.4945573051593,1533.5961337739277,1085.1319155104015,19.717737714550513,True
647,1445.4945573051593,1609.155637626403,1085.1319155104015,19.61914902597776,False
648,1445.4945573051593,1496.9535700040728,1085.1319155104015,19.52105328084787,True
649,1445.4945573051593,1649.8276475571822,1085.1319155104015,19.42344801444363,True
650,1368.487567292536,1368.487567292536,1085.1319155104015,19.32633077437141,True
651,1376.6170273801235,1376.6170273801235,1085.1319155104015,19.229699120499554,True
652,1376.6170273801235,1560.12367472694,1085.1319155104015,19.133550624897055,True
653,1376.6170273801235,1416.1511118524563,1085.1319155104015,19.03788287177257,True
654,1376.6170273801235,1573.335573983848,1085.1319155104015,18.942693457413707,True
655,1376.6170273801235,1556.5194161703703,1085.1319155104015,18.84797999012664,True
656,1376.6170273801235,1600.8249845473626,1085.1319155104015,18.753740090176006,False
657,1376.6170273801235,1399.441224207461,1085.1319155104015,18.659971389725126,True
658,1376.6170273801235,1550.2535408234417,1085.1319155104015,18.5666715327765,True
659,1376.6170273801235,1620.3547539185988,1085.1319155104015,18.47383817511262,True
660,1376.6170273801235,1560.998921592452,1085.1319155104015,18.381468984237056,True
661,1376.6170273801235,1508.026075750858,1085.1319155104015,18.28956163931587,True
662,1376.6170273801235,1503.3314276324845,1085.1319155104015,18.19811383111929,True
663,1376.6170273801235,1490.657071527538,1085.1319155104015,18.107123261963693,True
664,1376.6170273801235,1477.7401741256335,1085.1319155104015,18.016587645653875,True
665,1376.6170273801235,1593.108907260832,1085.1319155104015,17.926504707425604,True
666,1376.6170273801235,1391.8028185022595,1085.1319155104015,17.836872183888477,True
667,1422.1259051093107,1422.1259051093107,1085.1319155104015,17.747687822969034,True
668,1422.1259051093107,1727.2193227327589,1085.1319155104015,17.65894938385419,True
669,1422.1259051093107,1539.599260332554,1085.1319155104015,17.57065463693492,True
670,1422.1259051093107,1611.5335809201629,1085.1319155104015,17.482801363750244,True
671,1422.1259051093107,1687.4473401975324,1085.1319155104015,17.395387356931494,False
672,1422.1259051093107,1585.1479684403225,1085.1319155104015,17.308410420146835,True
673,1422.1259051093107,1448.806761900967,1085.1319155104015,17.2218683680461,True
674,1422.1259051093107,1549.5796107198798,1085.1319155104015,17.135759026205868,True
675,1422.1259051093107,1633.1463939661653,1085.1319155104015,17.050080231074837,True
676,1422.1259051093107,1673.0426823973248,1085.1319155104015,16.964829829919463,True
677,1422.1259051093107,1640.0000565471369,1085.1319155104015,16.880005680769866,True
678,1422.1259051093107,1616.9300695032748,1085.1319155104015,16.795605652366017,True
679,1422.1259051093107,1897.7935478689797,1085.1319155104015,16.71162762410419,False
680,1422.1259051093107,1560.0162701001332,1085.1319155104015,16.62806948598367,True
681,1422.1259051093107,1572.4712761974417,1085.1319155104015,16.54492913855375,True
682,1406.0475844369942,1406.0475844369942,1085.1319155104015,16.462204492860984,True
683,1406.0475844369942,1590.4294786493226,1085.1319155104015,16.379893470396677,True
684,1406.0475844369942,1573.0486907633294,1085.1319155104015,16.297994003044693,True
685,1406.0475844369942,1605.4133130682158,1085.1319155104015,16.21650403302947,False
686,1406.0475844369942,1536.5012052043776,1085.1319155104015,16.135421512864323,True
687,1406.0475844369942,1600.1280098904522,1085.1319155104015,16.0547444053,True
688,1406.0475844369942,1474.200221223274,1085.1319155104015,15.974470683273498,True
689,1406.0475844369942,1517.0760345177796,1085.1319155104015,15.89459832985713,True
690,1406.0475844369942,1556.3279033175668,1085.1319155104015,15.815125338207844,True
691,1399.9213533430075,1399.9213533430075,1085.1319155104015,15.736049711516804,True
692,1395.4427979384832,1395.4427979384832,1085.1319155104015,15.65736946295922,True
693,1395.4427979384832,1722.68286035834,1085.1319155104015,15.579082615644424,True
694,1395.4427979384832,1416.0644288531307,1085.1319155104015,15.501187202566202,True
695,1395.4427979384832,1630.621891128325,1085.1319155104015,15.423681266553372,True
696,1395.4427979384832,1444.8649899554612,1085.1319155104015,15.346562860220605,True
697,1395.4427979384832,1565.870053153565,1085.1319155104015,15.269830045919502,False
698,1395.4427979384832,1395.4427979384832,1085.1319155104015,15.193480895689904,True
699,1395.4427979384832,1666.5849116488187,1085.1319155104015,15.117513491211454,True
700,1395.4427979384832,1555.4181521150444,1085.1319155104015,15.041925923755397,True
701,1395.4427979384832,1537.996880051546,1085.1319155104015,14.966716294136619,True
702,1395.4427979384832,1545.0879532319443,1085.1319155104015,14.891882712665936,True
703,1395.4427979384832,1723.0886467377013,1085.1319155104015,14.817423299102606,True
704,1395.4427979384832,1454.711114393152,1085.1319155104015,14.743336182607093,True
705,1395.4427979384832,1528.8682442535264,1085.1319155104015,14.669619501694058,True
706,1395.4427979384832,1563.2792178565674,1085.1319155104015,14.596271404185588,True
707,1395.4427979384832,1478.841522271001,1085.1319155104015,14.523290047164659,True
708,1395.4427979384832,1556.6461472848214,1085.1319155104015,14.450673596928835,True
709,1395.4427979384832,1718.5097246345806,1085.1319155104015,14.378420228944192,True
710,1395.4427979384832,1564.4924041571232,1085.1319155104015,14.30652812779947,True
711,1395.4427979384832,1527.1981802030903,1085.1319155104015,14.234995487160473,True
712,1395.4427979384832,1612.467838691493,1085.1319155104015,14.16382050972467,True
713,1395.4427979384832,1659.5838146237006,1085.1319155104015,14.093001407176047,True
714,1395.4427979384832,1531.467715201597,1085.1319155104015,14.022536400140167,True
715,1395.4427979384832,1666.5849116488187,1085.1319155104015,13.952423718139466,True
716,1395.4427979384832,1615.8036280530364,1085.1319155104015,13.882661599548769,False
717,1395.4427979384832,1761.8243421970953,1085.1319155104015,13.813248291551025,True
718,1395.4427979384832,1616.2427622907037,1085.1319155104015,13.74418205009327,True
719,1395.4427979384832,1504.2408060519206,1085.1319155104015,13.675461139842804,True
720,1395.4427979384832,1552.9739583508076,1085.1319155104015,13.607083834143591,True
721,1395.4427979384832,1528.0466322670684,1085.1319155104015,13.539048414972873,True
722,1395.4427979384832,1514.698377676119,1085.1319155104015,13.47135317289801,True
723,1395.4427979384832,1524.338533000037,1085.1319155104015,13.40399640703352,True
724,1395.4427979384832,1561.8801177576222,1085.1319155104015,13.336976424998351,True
725,1395.4427979384832,1447.9186780699022,1085.1319155104015,13.270291542873359,True
726,1395.4427979384832,1474.19973059451,1085.1319155104015,13.203940085158992,True
727,1395.4427979384832,1512.714258420528,1085.1319155104015,13.137920384733198,True
728,1395.4427979384832,1763.4226554353372,1085.1319155104015,13.072230782809532,False
729,1395.4427979384832,1475.667468164995,1085.1319155104015,13.006869628895485,True
730,1400.6879629636483,1400.6879629636483,1085.1319155104015,12.941835280751008,True
731,1400.6879629636483,1728.939339350076,1085.1319155104015,12.877126104347253,True
732,1400.6879629636483,1461.9359617886016,1085.1319155104015,12.812740473825517,True
733,1400.6879629636483,1697.4261176159152,1085.1319155104015,12.74867677145639,True
734,1400.6879629636483,1420.282625150193,1085.1319155104015,12.684933387599107,True
735,1400.6879629636483,1417.3191909262166,1085.1319155104015,12.621508720661112,True
736,1400.6879629636483,1620.157919925557,1085.1319155104015,12.558401177057807,True
737,1400.6879629636483,1699.1250722637233,1085.1319155104015,12.495609171172518,True
738,1400.6879629636483,1811.0369924801098,1085.1319155104015,12.433131125316656,False
739,1400.6879629636483,1469.8808312664498,1085.1319155104015,12.370965469690073,True
740,1399.437040306762,1399.437040306762,1085.1319155104015,12.309110642341624,True
741,1399.437040306762,1834.6373042930932,1085.1319155104015,12.247565089129916,True
742,1399.437040306762,1490.9508304307415,1085.1319155104015,12.186327263684266,True
743,1399.437040306762,1508.1993466158667,1085.1319155104015,12.125395627365844,True
744,1399.437040306762,1474.1705279870462,1085.1319155104015,12.064768649229014,True
745,1399.437040306762,1535.4619575698755,1085.1319155104015,12.00444480598287,True
746,1399.437040306762,1698.1882775966728,1085.1319155104015,11.944422581952955,False
747,1399.437040306762,1613.81894870455,1085.1319155104015,11.88470046904319,True
748,1399.437040306762,1569.323646795666,1085.1319155104015,11.825276966697974,True
749,1399.437040306762,1490.9508304307415,1085.1319155104015,11.766150581864483,True
750,1399.437040306762,1477.4246095256267,1085.1319155104015,11.70731982895516,True
751,1399.437040306762,1523.507515883075,1085.1319155104015,11.648783229810384,True
752,1399.437040306762,1836.5623721333159,1085.1319155104015,11.590539313661331,False
753,1399.437040306762,1509.8039801272002,1085.1319155104015,11.532586617093024,True
754,1399.437040306762,1550.1000441648318,1085.1319155104015,11.474923684007559,True
755,1399.437040306762,1664.1984189652599,1085.1319155104015,11.41754906558752,True
756,1399.437040306762,1546.1595835068808,1085.1319155104015,11.360461320259583,True
757,1322.9304375821268,1322.9304375821268,1085.1319155104015,11.303659013658285,True
758,1322.9304375821268,1544.4579828023036,1085.1319155104015,11.247140718589993,True
759,1322.9304375821268,1488.4900743392138,1085.1319155104015,11.190905014997043,True
760,1322.9304375821268,1569.1597240465483,1085.1319155104015,11.134950489922057,True
761,1322.9304375821268,1468.5927452975202,1085.1319155104015,11.079275737472447,True
762,1322.9304375821268,1417.7080826159086,1085.1319155104015,11.023879358785084,True
763,1322.9304375821268,1623.8585159356487,1085.1319155104015,10.968759961991159,False
764,1322.9304375821268,1445.3987983015886,1085.1319155104015,10.913916162181204,True
765,1322.9304375821268,1565.725958479927,1085.1319155104015,10.859346581370298,True
766,1322.9304375821268,1535.4169467649424,1085.1319155104015,10.805049848463447,True
767,1322.9304375821268,1406.6879500294112,1085.1319155104015,10.75102459922113,True
768,1322.9304375821268,1468.0499493095163,1085.1319155104015,10.697269476225024,True
769,1322.9304375821268,1470.1005178714759,1085.1319155104015,10.643783128843898,True
770,1314.2438607271501,1314.2438607271501,1085.1319155104015,10.590564213199679,True
771,1314.2438607271501,1428.0854859176554,1085.1319155104015,10.53761139213368,True
772,1314.2438607271501,1467.194730057662,1085.1319155104015,10.484923335173011,True
773,1314.2438607271501,1483.2610188902493,1085.1319155104015,10.432498718497147,True
774,1314.2438607271501,1596.2026747340858,1085.1319155104015,10.380336224904662,True
775,1314.2438607271501,1646.9565905334655,1085.1319155104015,10.328434543780139,False
776,1263.9461184416539,1263.9461184416539,1085.1319155104015,10.276792371061237,True
777,1263.9461184416539,1299.9433385869686,1085.1319155104015,10.225408409205931,True
778,1263.9461184416539,1554.1123637549601,1085.1319155104015,10.174281367159901,True
779,1263.9461184416539,1354.864395500162,1085.1319155104015,10.123409960324102,True
780,1263.9461184416539,1413.8478564734762,1085.1319155104015,10.07279291052248,True
781,1263.9461184416539,1394.0644832613848,1085.1319155104015,10.022428945969867,True
782,1263.9461184416539,1521.0969035461396,1085.1319155104015,9.972316801240018,True
783,1263.9461184416539,1470.9552594641652,1085.1319155104015,9.922455217233818,True
784,1263.9461184416539,1565.4000903397484,1085.1319155104015,9.872842941147649,False
785,1263.9461184416539,1263.9461184416539,1085.1319155104015,9.82347872644191,True
786,1263.9461184416539,1407.3099125703318,1085.1319155104015,9.7743613328097,True
787,1263.9461184416539,1586.9403249377292,1085.1319155104015,9.725489526145653,True
788,1263.9461184416539,1376.443327958299,1085.1319155104015,9.676862078514924,True
789,1263.9461184416539,1409.3656608572232,1085.1319155104015,9.62847776812235,True
790,1263.9461184416539,1430.3834382607931,1085.1319155104015,9.580335379281738,True
791,1263.9461184416539,1569.5634064129133,1085.1319155104015,9.53243370238533,True
792,1263.9461184416539,1463.8387380957636,1085.1319155104015,9.484771533873403,True
793,1263.9461184416539,1402.2589841836896,1085.1319155104015,9.437347676204036,True
794,1263.9461184416539,1448.963946560502,1085.1319155104015,9.390160937823016,True
795,1263.9461184416539,1449.8136994202591,1085.1319155104015,9.343210133133901,True
796,1263.9461184416539,1714.038983239467,1085.1319155104015,9.296494082468232,True
797,1263.9461184416539,1335.6300907025343,1085.1319155104015,9.250011612055891,True
798,1263.9461184416539,1340.941597181355,1085.1319155104015,9.203761553995612,True
799,1263.9461184416539,1541.5575791141498,1085.1319155104015,9.157742746225635,True
800,1263.9461184416539,1455.1878001256816,1085.1319155104015,9.111954032494507,True
801,1263.9461184416539,1289.8732217768304,1085.1319155104015,9.066394262332034,True
802,1263.9461184416539,1428.4209057845526,1085.1319155104015,9.021062291020375,True
803,1263.9461184416539,1300.9280172803187,1085.1319155104015,8.975956979565273,True
804,1263.9461184416539,1423.0184996023208,1085.1319155104015,8.931077194667447,True
805,1263.9461184416539,1415.5540897130234,1085.1319155104015,8.88642180869411,True
806,1263.9461184416539,1467.1060398773545,1085.1319155104015,8.84198969965064,True
807,1263.9461184416539,1361.6828119100705,1085.1319155104015,8.797779751152387,True
808,1214.012754645635,1214.012754645635,1085.1319155104015,8.753790852396625,True
809,1214.012754645635,1570.8342825435716,1085.1319155104015,8.710021898134642,True
810,1214.012754645635,1317.4236677392892,1085.1319155104015,8.666471788643967,True
811,1216.3217254794981,1216.3217254794981,1085.1319155104015,8.623139429700748,True
812,1216.3217254794981,1516.5526767457075,1085.1319155104015,8.580023732552243,True
813,1216.3217254794981,1336.0865282411478,1085.1319155104015,8.537123613889483,True
814,1216.3217254794981,1521.9390134507578,1085.1319155104015,8.494437995820036,True
815,1216.3217254794981,1292.134803156774,1085.1319155104015,8.451965805840935,True
816,1216.3217254794981,1343.176596547232,1085.1319155104015,8.40970597681173,True
817,1216.3217254794981,1431.728168709216,1085.1319155104015,8.367657446927673,True
818,1216.3217254794981,1254.0008660398375,1085.1319155104015,8.325819159693035,True
819,1216.3217254794981,1522.0562206347613,1085.1319155104015,8.28419006389457,True
820,1216.3217254794981,1604.4751085203955,1085.1319155104015,8.242769113575097,True
821,1216.3217254794981,1506.687808302837,1085.1319155104015,8.20155526800722,False
822,1216.3217254794981,1394.3881012787608,1085.1319155104015,8.160547491667185,True
823,1216.3217254794981,1325.084031788603,1085.1319155104015,8.119744754208849,True
824,1216.3217254794981,1395.7635242701779,1085.1319155104015,8.079146030437805,True
825,1216.3217254794981,1447.7227570239684,1085.1319155104015,8.038750300285615,True
826,1216.3217254794981,1413.7244448095496,1085.1319155104015,7.998556548784188,True
827,1216.3217254794981,1299.7204498120157,1085.1319155104015,7.958563766040267,True
828,1216.3217254794981,1341.0464108436329,1085.1319155104015,7.918770947210065,True
829,1216.3217254794981,1405.9955674757891,1085.1319155104015,7.879177092474015,True
830,1216.3217254794981,1523.753183017641,1085.1319155104015,7.8397812070116455,True
831,1216.3217254794981,1325.084031788603,1085.1319155104015,7.800582300976587,True
832,1216.3217254794981,1259.5652341536909,1085.1319155104015,7.761579389471704,True
833,1216.3217254794981,1674.6296270340624,1085.1319155104015,7.722771492524346,False
834,1216.3217254794981,1396.6086152148946,1085.1319155104015,7.684157635061724,True
835,1216.3217254794981,1515.9351338397105,1085.1319155104015,7.6457368468864155,False
836,1216.3217254794981,1456.2259195821846,1085.1319155104015,7.607508162651984,True
837,1216.3217254794981,1286.9835884497456,1085.1319155104015,7.5694706218387235,True
838,1216.3217254794981,1521.4240342760781,1085.1319155104015,7.53162326872953,True
839,1216.3217254794981,1544.9020029010514,1085.1319155104015,7.493965152385882,True
840,1216.3217254794981,1382.6381928376861,1085.1319155104015,7.456495326623952,True
841,1216.3217254794981,1256.7412675994365,1085.1319155104015,7.419212849990832,True
842,1216.3217254794981,1584.1028669175184,1085.1319155104015,7.3821167857408785,False
843,1216.3217254794981,1557.681393620083,1085.1319155104015,7.345206201812174,False
844,1216.3217254794981,1405.4406899955902,1085.1319155104015,7.308480170803113,True
845,1216.3217254794981,1341.0464108436329,1085.1319155104015,7.271937769949098,True
846,1216.3217254794981,1423.7358277951378,1085.1319155104015,7.235578081099352,True
847,1216.3217254794981,1432.0044924732017,1085.1319155104015,7.199400190693855,True
848,1216.3217254794981,1312.6578497101525,1085.1319155104015,7.163403189740386,True
849,1216.3217254794981,1423.7549505757231,1085.1319155104015,7.127586173791684,True
850,1216.3217254794981,1604.4751085203955,1085.1319155104015,7.091948242922726,True
851,1216.3217254794981,1444.0448334999387,1085.1319155104015,7.056488501708112,True
852,1216.3217254794981,1372.7857952445224,1085.1319155104015,7.021206059199572,True
853,1216.3217254794981,1516.507668639744,1085.1319155104015,6.986100028903574,True
854,1216.3217254794981,1321.1225271631852,1085.1319155104015,6.951169528759056,True
855,1216.3217254794981,1369.1092396980018,1085.1319155104015,6.916413681115261,True
856,1216.3217254794981,1408.1364877569642,1085.1319155104015,6.881831612709684,True
857,1216.3217254794981,1430.7730059567798,1085.1319155104015,6.847422454646136,True
858,1216.3217254794981,1527.9943562990045,1085.1319155104015,6.813185342372905,True
859,1182.6494563942965,1182.6494563942965,1085.1319155104015,6.77911941566104,True
860,1182.6494563942965,1339.1135261593213,1085.1319155104015,6.745223818582735,True
861,1182.6494563942965,1384.1438123329244,1085.1319155104015,6.711497699489821,True
862,1182.6494563942965,1599.0253724481556,1085.1319155104015,6.6779402109923724,False
863,1182.6494563942965,1378.0487730522455,1085.1319155104015,6.64455050993741,True
864,1182.6494563942965,1431.4935106677044,1085.1319155104015,6.611327757387723,True
865,1182.6494563942965,1318.365292916108,1085.1319155104015,6.578271118600785,True
866,1182.6494563942965,1308.5444264043394,1085.1319155104015,6.545379763007781,True
867,1182.6494563942965,1378.2308962154298,1085.1319155104015,6.512652864192742,True
868,1182.6494563942965,1262.9188270806055,1085.1319155104015,6.4800895998717785,True
869,1182.6494563942965,1410.6036257377436,1085.1319155104015,6.44768915187242,True
870,1182.6494563942965,1385.3068348679067,1085.1319155104015,6.415450706113058,True
871,1182.6494563942965,1511.22973381585,1085.1319155104015,6.383373452582492,True
872,1182.6494563942965,1405.8382332040983,1085.1319155104015,6.351456585319579,True
873,1182.6494563942965,1347.2731044905179,1085.1319155104015,6.319699302392982,True
874,1182.6494563942965,1398.803546559353,1085.1319155104015,6.288100805881017,True
875,1182.6494563942965,1352.6280535675019,1085.1319155104015,6.256660301851612,True
876,1182.6494563942965,1406.8235233924543,1085.1319155104015,6.2253770003423545,True
877,1182.6494563942965,1404.5334679327243,1085.1319155104015,6.194250115340643,True
878,1182.6494563942965,1328.367833341836,1085.1319155104015,6.16327886476394,True
879,1182.6494563942965,1400.7711520329228,1085.1319155104015,6.13246247044012,True
880,1182.6494563942965,1321.4466347546636,1085.1319155104015,6.1018001580879195,True
881,1182.6494563942965,1439.1960542265779,1085.1319155104015,6.0712911572974795,True
882,1182.6494563942965,1358.7420220180402,1085.1319155104015,6.040934701510992,True
883,1182.6494563942965,1403.0258500899845,1085.1319155104015,6.0107300280034375,True
884,1182.6494563942965,1331.8598468307332,1085.1319155104015,5.98067637786342,True
885,1182.6494563942965,1350.7711051991978,1085.1319155104015,5.950772995974103,True
886,1182.6494563942965,1483.3840040433765,1085.1319155104015,5.921019130994233,True
887,1182.6494563942965,1318.1811415068623,1085.1319155104015,5.8914140353392614,True
888,1182.6494563942965,1331.6559228955352,1085.1319155104015,5.861956965162565,True
889,1182.6494563942965,1504.9574233526814,1085.1319155104015,5.832647180336752,True
890,1182.6494563942965,1357.312064692847,1085.1319155104015,5.803483944435069,True
891,1182.6494563942965,1426.300953607246,1085.1319155104015,5.774466524712893,True
892,1182.6494563942965,1258.3977952071064,1085.1319155104015,5.745594192089328,True
893,1182.6494563942965,1337.4973015493392,1085.1319155104015,5.716866221128881,True
894,1182.6494563942965,1435.1644738038217,1085.1319155104015,5.688281890023236,True
895,1182.6494563942965,1384.624290104503,1085.1319155104015,5.65984048057312,True
896,1182.6494563942965,1347.8236782823167,1085.1319155104015,5.631541278170254,True
897,1182.6494563942965,1291.4117627034018,1085.1319155104015,5.603383571779403,True
898,1182.6494563942965,1327.3694725068453,1085.1319155104015,5.575366653920506,True
899,1182.6494563942965,1331.6559228955352,1085.1319155104015,5.547489820650903,True
900,1182.6494563942965,1182.6494563942965,1085.1319155104015,5.519752371547649,True
901,1182.6494563942965,1535.4740715375092,1085.1319155104015,5.492153609689911,True
902,1182.6494563942965,1473.015539217636,1085.1319155104015,5.464692841641462,False
903,1182.6494563942965,1396.490436484707,1085.1319155104015,5.437369377433255,True
904,1182.6494563942965,1371.4742923701401,1085.1319155104015,5.410182530546089,True
905,1182.6494563942965,1315.2930717948752,1085.1319155104015,5.383131617893358,True
906,1182.6494563942965,1304.1880730880316,1085.1319155104015,5.356215959803891,True
907,1182.6494563942965,1385.850393624094,1085.1319155104015,5.329434880004872,True
908,1182.6494563942965,1198.7277770666133,1085.1319155104015,5.302787705604847,True
909,1182.6494563942965,1274.1632465182763,1085.1319155104015,5.276273767076822,True
910,1182.6494563942965,1182.6494563942965,1085.1319155104015,5.249892398241438,True
911,1182.6494563942965,1336.4551199021673,1085.1319155104015,5.223642936250231,True
912,1182.6494563942965,1367.5141635996051,1085.1319155104015,5.19752472156898,True
913,1182.6494563942965,1397.8634322129749,1085.1319155104015,5.171537097961135,True
914,1182.6494563942965,1507.5975056729994,1085.1319155104015,5.145679412471329,False
915,1182.6494563942965,1195.4979664365771,1085.1319155104015,5.119951015408973,True
916,1182.6494563942965,1319.5582062118851,1085.1319155104015,5.094351260331928,True
917,1182.6494563942965,1538.4216948807386,1085.1319155104015,5.068879504030268,False
918,1182.6494563942965,1417.1251495304368,1085.1319155104015,5.043535106510117,True
919,1182.6494563942965,1252.6415224543998,1085.1319155104015,5.018317430977566,True
920,1172.074275684184,1172.074275684184,1085.1319155104015,4.993225843822678,True
921,1172.074275684184,1327.4871549218306,1085.1319155104015,4.9682597146035645,True
922,1172.074275684184,1340.8080009322748,1085.1319155104015,4.943418416030546,True
923,1172.074275684184,1342.052872857389,1085.1319155104015,4.918701323950393,True
924,1172.074275684184,1343.4545339846998,1085.1319155104015,4.894107817330641,True
925,1172.074275684184,1367.409536428764,1085.1319155104015,4.869637278243988,True
926,1172.074275684184,1397.2287738168384,1085.1319155104015,4.845289091852768,True
927,1172.074275684184,1363.6514936473768,1085.1319155104015,4.8210626463935045,True
928,1172.074275684184,1321.313413675834,1085.1319155104015,4.7969573331615365,True
929,1172.074275684184,1297.9692456942269,1085.1319155104015,4.772972546495729,True
930,1172.074275684184,1209.7534162445234,1085.1319155104015,4.74910768376325,True
931,1172.074275684184,1372.8527034526924,1085.1319155104015,4.725362145344434,False
932,1172.074275684184,1535.6216798857017,1085.1319155104015,4.7017353346177115,True
933,1172.074275684184,1183.671863069578,1085.1319155104015,4.678226657944623,True
934,1172.074275684184,1433.0277086076435,1085.1319155104015,4.654835524654899,True
935,1172.074275684184,1559.6574926055334,1085.1319155104015,4.631561347031625,False
936,1172.074275684184,1258.9741394799084,1085.1319155104015,4.608403540296467,True
937,1172.074275684184,1309.612070123977,1085.1319155104015,4.585361522594985,True
938,1172.074275684184,1246.5781119523049,1085.1319155104015,4.56243471498201,True
939,1172.074275684184,1290.8931002967452,1085.1319155104015,4.5396225414071,True
940,1170.2687915448153,1170.2687915448153,1085.1319155104015,4.516924428700064,True
941,1170.2687915448153,1286.2627394693582,1085.1319155104015,4.494339806556564,True
942,1170.2687915448153,1288.515033527312,1085.1319155104015,4.471868107523781,True
943,1170.2687915448153,1375.9476916513106,1085.1319155104015,4.4495087669861615,True
944,1170.2687915448153,1340.1873626628224,1085.1319155104015,4.4272612231512305,True
945,1170.2687915448153,1550.69393844571,1085.1319155104015,4.405124917035474,True
946,1170.2687915448153,1298.0142437417799,1085.1319155104015,4.3830992924502965,True
947,1170.2687915448153,1372.7283419269017,1085.1319155104015,4.361183795988045,True
948,1170.2687915448153,1181.8663789302093,1085.1319155104015,4.339377877008104,True
949,1170.2687915448153,1621.5300109259388,1085.1319155104015,4.3176809876230635,True
950,1170.2687915448153,1323.3947180410955,1085.1319155104015,4.296092582684948,True
951,1170.2687915448153,1481.2783348440175,1085.1319155104015,4.274612119771524,True
952,1170.2687915448153,1180.8439722549278,1085.1319155104015,4.253239059172666,True
953,1170.2687915448153,1170.2687915448153,1085.1319155104015,4.231972863876802,True
954,1170.2687915448153,1310.0708248921367,1085.1319155104015,4.210812999557418,True
955,1170.2687915448153,1315.5836746989285,1085.1319155104015,4.189758934559631,True
956,1170.2687915448153,1230.852093613741,1085.1319155104015,4.1688101398868325,True
957,1170.2687915448153,1518.4734149599924,1085.1319155104015,4.147966089187398,False
958,1170.2687915448153,1332.2568086637748,1085.1319155104015,4.127226258741461,True
959,1170.2687915448153,1221.111625791997,1085.1319155104015,4.106590127447754,True
960,1170.2687915448153,1324.3878865495853,1085.1319155104015,4.086057176810516,True
961,1170.2687915448153,1213.4529582715393,1085.1319155104015,4.065626890926463,True
962,1170.2687915448153,1329.9024274540466,1085.1319155104015,4.045298756471831,True
963,1170.2687915448153,1342.4712974365466,1085.1319155104015,4.025072262689472,True
964,1170.2687915448153,1181.8663789302093,1085.1319155104015,4.004946901376024,True
965,1170.2687915448153,1360.031826602869,1085.1319155104015,3.984922166869144,True
966,1170.2687915448153,1433.2375952355624,1085.1319155104015,3.964997556034798,True
967,1170.2687915448153,1361.5224808133296,1085.1319155104015,3.945172568254624,True
968,1170.2687915448153,1335.6605360736087,1085.1319155104015,3.925446705413351,True
969,1170.2687915448153,1526.3184381307788,1085.1319155104015,3.905819471886284,True
970,1170.2687915448153,1362.3272009839188,1085.1319155104015,3.8862903745268524,True
971,1171.4282469397863,1171.4282469397863,1085.1319155104015,3.866858922654218,True
972,1171.4282469397863,1421.0005720812323,1085.1319155104015,3.8475246280409467,True
973,1171.4282469397863,1340.9961764236864,1085.1319155104015,3.828287004900742,True
974,1171.4282469397863,1348.9843627948962,1085.1319155104015,3.809145569876238,True
975,1171.4282469397863,1345.719790582402,1085.1319155104015,3.790099842026857,True
976,1125.1258184132184,1125.1258184132184,1085.1319155104015,3.7711493428167224,True
977,1125.1258184132184,1291.3935527828737,1085.1319155104015,3.7522935961026387,True
978,1125.1258184132184,1273.311177328476,1085.1319155104015,3.7335321281221256,True
979,1125.1258184132184,1368.7273445777516,1085.1319155104015,3.714864467481515,True
980,1125.1258184132184,1425.356769679428,1085.1319155104015,3.6962901451441077,True
981,1125.1258184132184,1342.8525608716789,1085.1319155104015,3.677808694418387,True
982,1125.1258184132184,1254.0360586917411,1085.1319155104015,3.659419650946295,True
983,1125.1258184132184,1270.5880734511238,1085.1319155104015,3.6411225526915634,True
984,1125.1258184132184,1240.7217380684383,1085.1319155104015,3.6229169399281056,True
985,1125.1258184132184,1432.4399265024151,1085.1319155104015,3.604802355228465,True
986,1125.1258184132184,1322.2495455163235,1085.1319155104015,3.586778343452323,True
987,1125.1258184132184,1266.982246677616,1085.1319155104015,3.5688444517350613,True
988,1125.1258184132184,1420.7714069020572,1085.1319155104015,3.551000229476386,True
989,1125.1258184132184,1360.66979195488,1085.1319155104015,3.533245228329004,True
990,1125.1258184132184,1332.5399207288585,1085.1319155104015,3.515579002187359,True
991,1125.1258184132184,1176.161742307494,1085.1319155104015,3.4980011071764223,True
992,1123.9663630182474,1123.9663630182474,1085.1319155104015,3.4805111016405403,True
993,1123.9663630182474,1180.0621943782469,1085.1319155104015,3.4631085461323377,True
994,1123.9663630182474,1348.656390907179,1085.1319155104015,3.445793003401676,True
995,1123.9663630182474,1274.5278756551947,1085.1319155104015,3.4285640383846676,True
996,1123.9663630182474,1428.7251145110436,1085.1319155104015,3.411421218192744,True
997,1123.9663630182474,1193.0978072307014,1085.1319155104015,3.3943641121017802,True
998,1123.9663630182474,1255.773401199414,1085.1319155104015,3.3773922915412715,True
999,1123.9663630182474,1287.1664720102344,1085.1319155104015,3.3605053300835652,True
1000,1123.9663630182474,1334.207437721127,1085.1319155104015,3.3437028034331475,True
1001,1123.9663630182474,1168.2471846305878,1085.1319155104015,3.326984289415982,True
1002,1123.9663630182474,1286.1194952613482,1085.1319155104015,3.310349367968902,True
1003,1105.00816963145,1105.00816963145,1085.1319155104015,3.2937976211290576,True
1004,1105.00816963145,1175.0002356915534,1085.1319155104015,3.277328633023412,True
1005,1105.00816963145,1287.6422390397533,1085.1319155104015,3.260941989858295,True
1006,1105.00816963145,1380.2257769530263,1085.1319155104015,3.2446372799090035,True
1007,1105.00816963145,1121.5615203352131,1085.1319155104015,3.2284140935094583,True
1008,1105.00816963145,1320.9938257743781,1085.1319155104015,3.212272023041911,True
1009,1105.00816963145,1402.5165676034533,1085.1319155104015,3.1962106629267013,False
1010,1105.00816963145,1393.1136267527447,1085.1319155104015,3.1802296096120677,False
1011,1105.00816963145,1410.544620083924,1085.1319155104015,3.1643284615640073,True
1012,1105.00816963145,1352.2421434713713,1085.1319155104015,3.148506819256187,True
1013,1105.00816963145,1264.5489389033107,1085.1319155104015,3.1327642851599062,True
1014,1105.00816963145,1284.2818416346952,1085.1319155104015,3.117100463734107,True
1015,1105.00816963145,1142.7097822867013,1085.1319155104015,3.1015149614154365,True
1016,1105.00816963145,1221.060532322526,1085.1319155104015,3.0860073866083595,True
1017,1105.00816963145,1351.5346014522138,1085.1319155104015,3.0705773496753177,True
1018,1105.00816963145,1286.9001034045752,1085.1319155104015,3.055224462926941,True
1019,1105.00816963145,1286.8224479445119,1085.1319155104015,3.0399483406123062,True
1020,1105.00816963145,1208.7253106826563,1085.1319155104015,3.0247485989092446,True
1021,1105.00816963145,1272.2100930982347,1085.1319155104015,3.0096248559146983,True
1022,1105.00816963145,1294.1508547198773,1085.1319155104015,2.994576731635125,True
1023,1105.00816963145,1441.450796227884,1085.1319155104015,2.979603847976949,True
1024,1105.00816963145,1363.5779322246967,1085.1319155104015,2.9647058287370642,True
1025,1105.00816963145,1174.139613843904,1085.1319155104015,2.949882299593379,True
1026,1105.00816963145,1214.1435927797272,1085.1319155104015,2.935132888095412,True
1027,1105.00816963145,1342.5846165328433,1085.1319155104015,2.9204572236549353,True
1028,1105.00816963145,1277.8390050153387,1085.1319155104015,2.9058549375366605,True
1029,1105.00816963145,1232.9578079168944,1085.1319155104015,2.891325662848977,True
1030,1105.00816963145,1223.5383387747047,1085.1319155104015,2.876869034534732,True
1031,1105.00816963145,1405.367586378307,1085.1319155104015,2.8624846893620584,True
1032,1105.00816963145,1325.275901840879,1085.1319155104015,2.848172265915248,True
1033,1105.00816963145,1282.193154309545,1085.1319155104015,2.833931404585672,True
1034,1105.00816963145,1223.826546806921,1085.1319155104015,2.8197617475627434,True
1035,1105.00816963145,1364.5683917203835,1085.1319155104015,2.8056629388249297,True
1036,1105.00816963145,1318.5822100153023,1085.1319155104015,2.791634624130805,True
1037,1105.00816963145,1221.672027948483,1085.1319155104015,2.777676451010151,True
1038,1105.00816963145,1366.515425669754,1085.1319155104015,2.7637880687551,True
1039,1105.00816963145,1267.167282440931,1085.1319155104015,2.749969128411325,True
1040,1105.00816963145,1252.803330615749,1085.1319155104015,2.736219282769268,True
1041,1105.00816963145,1340.8725640756059,1085.1319155104015,2.722538186355422,True
1042,1105.00816963145,1351.4337744123243,1085.1319155104015,2.7089254954236446,True
1043,1105.00816963145,1415.1030866497238,1085.1319155104015,2.6953808679465263,True
1044,1105.00816963145,1202.5054984457302,1085.1319155104015,2.6819039636067936,True
1045,1105.00816963145,1428.0023761275256,1085.1319155104015,2.6684944437887594,True
1046,1105.00816963145,1213.7704759405553,1085.1319155104015,2.6551519715698157,True
1047,1105.00816963145,1222.1860317326914,1085.1319155104015,2.6418762117119665,True
1048,1105.00816963145,1337.197368921033,1085.1319155104015,2.6286668306534064,True
1049,1105.00816963145,1318.5822100153023,1085.1319155104015,2.6155234965001393,True
1050,1105.00816963145,1333.5653996691028,1085.1319155104015,2.6024458790176386,True
1051,1105.00816963145,1329.0546579981587,1085.1319155104015,2.5894336496225505,True
1052,1105.00816963145,1336.9302356057913,1085.1319155104015,2.5764864813744377,True
1053,1105.00816963145,1105.00816963145,1085.1319155104015,2.5636040489675653,True
1054,1105.00816963145,1359.3243379684159,1085.1319155104015,2.5507860287227273,True
1055,1105.00816963145,1289.0584305348727,1085.1319155104015,2.5380320985791136,True
1056,1105.00816963145,1183.6816246560184,1085.1319155104015,2.525341938086218,True
1057,1105.00816963145,1260.6918447477422,1085.1319155104015,2.512715228395787,True
1058,1105.00816963145,1178.2694081533953,1085.1319155104015,2.500151652253808,True
1059,1105.00816963145,1302.8476302158106,1085.1319155104015,2.487650893992539,True
1060,1105.00816963145,1245.133246643661,1085.1319155104015,2.475212639522576,True
1061,1105.00816963145,1344.3183055590328,1085.1319155104015,2.462836576324963,True
1062,1105.00816963145,1320.4738698626898,1085.1319155104015,2.450522393443338,True
1063,1105.00816963145,1249.6087787327263,1085.1319155104015,2.4382697814761216,True
1064,1105.00816963145,1262.5872274431324,1085.1319155104015,2.426078432568741,True
1065,1105.00816963145,1238.7980890628146,1085.1319155104015,2.4139480404058973,True
1066,1105.00816963145,1316.1428615573461,1085.1319155104015,2.401878300203868,True
1067,1105.00816963145,1457.8408678659375,1085.1319155104015,2.3898689087028484,True
1068,1105.00816963145,1312.8031417853585,1085.1319155104015,2.3779195641593343,True
1069,1105.00816963145,1287.106725616743,1085.1319155104015,2.366029966338538,True
1070,1105.00816963145,1279.0925247389619,1085.1319155104015,2.354199816506845,True
1071,1105.00816963145,1202.1609376012452,1085.1319155104015,2.342428817424311,True
1072,1105.00816963145,1307.0021261222419,1085.1319155104015,2.3307166733371893,True
1073,1105.00816963145,1284.44996842213,1085.1319155104015,2.3190630899705034,True
1074,1105.00816963145,1325.275901840879,1085.1319155104015,2.3074677745206507,True
1075,1105.00816963145,1252.4512917996494,1085.1319155104015,2.295930435648047,True
1076,1105.00816963145,1302.3067837858525,1085.1319155104015,2.284450783469807,True
1077,1105.00816963145,1260.6918447477422,1085.1319155104015,2.273028529552458,True
1078,1105.00816963145,1287.1664720102344,1085.1319155104015,2.261663386904696,True
1079,1105.00816963145,1309.0336844508488,1085.1319155104015,2.250355069970172,True
1080,1105.00816963145,1267.7074345609453,1085.1319155104015,2.2391032946203215,True
1081,1105.00816963145,1476.1882179873357,1085.1319155104015,2.22790777814722,True
1082,1105.00816963145,1253.7053714850479,1085.1319155104015,2.216768239256484,True
1083,1105.00816963145,1403.445278931525,1085.1319155104015,2.2056843980602014,True
1084,1105.00816963145,1291.9279558825551,1085.1319155104015,2.1946559760699005,True
1085,1105.00816963145,1442.8023180877444,1085.1319155104015,2.183682696189551,True
1086,1105.00816963145,1363.5980302071007,1085.1319155104015,2.172764282708603,True
1087,1105.00816963145,1406.6160032782175,1085.1319155104015,2.16190046129506,True
1088,1105.00816963145,1209.2368015834609,1085.1319155104015,2.151090958988585,True
1089,1105.00816963145,1442.8023180877444,1085.1319155104015,2.140335504193642,True
1090,1105.00816963145,1247.5622517445129,1085.1319155104015,2.1296338266726735,True
1091,1105.00816963145,1296.8165186152949,1085.1319155104015,2.11898565753931,True
1092,1105.00816963145,1417.382981336618,1085.1319155104015,2.1083907292516133,False
1093,1105.00816963145,1288.0231694151778,1085.1319155104015,2.0978487756053554,True
1094,1105.00816963145,1412.322277720647,1085.1319155104015,2.0873595317273286,True
1095,1105.00816963145,1259.6116170322316,1085.1319155104015,2.0769227340686918,True
1096,1105.00816963145,1127.6894179781712,1085.1319155104015,2.066538120398348,True
1097,1105.00816963145,1402.1272282622235,1085.1319155104015,2.0562054297963566,True
1098,1105.00816963145,1266.1449094921172,1085.1319155104015,2.045924402647375,True
1099,1105.00816963145,1417.382981336618,1085.1319155104015,2.035694780634138,False
1100,1105.00816963145,1244.8348788063736,1085.1319155104015,2.0255163067309674,True
1101,1105.00816963145,1261.7431578507756,1085.1319155104015,2.0153887251973126,True
1102,1105.00816963145,1178.2694081533953,1085.1319155104015,2.005311781571326,True
1103,1105.00816963145,1162.2708505921296,1085.1319155104015,1.9952852226634696,True
1104,1105.00816963145,1105.00816963145,1085.1319155104015,1.9853087965501524,True
1105,1105.00816963145,1307.2233757438873,1085.1319155104015,1.9753822525674016,True
1106,1105.00816963145,1105.00816963145,1085.1319155104015,1.9655053413045647,True
1107,1105.00816963145,1340.552143173112,1085.1319155104015,1.9556778145980418,True
1108,1105.00816963145,1272.1808578347855,1085.1319155104015,1.9458994255250517,True
1109,1105.00816963145,1149.0599878881565,1085.1319155104015,1.9361699283974265,True
1110,1105.00816963145,1326.5357148516273,1085.1319155104015,1.9264890787554394,True
1111,1105.00816963145,1335.8198250657267,1085.1319155104015,1.9168566333616621,False
1112,1105.00816963145,1255.4326859361029,1085.1319155104015,1.9072723501948539,True
1113,1105.00816963145,1164.0932729652961,1085.1319155104015,1.8977359884438796,True
1114,1105.00816963145,1229.732854995585,1085.1319155104015,1.8882473085016602,True
1115,1105.00816963145,1289.0584305348727,1085.1319155104015,1.878806071959152,True
1116,1105.00816963145,1209.8089713151373,1085.1319155104015,1.8694120415993563,True
1117,1105.00816963145,1220.2178723988754,1085.1319155104015,1.8600649813913595,True
1118,1105.00816963145,1151.310598158018,1085.1319155104015,1.8507646564844027,True
1119,1105.00816963145,1166.7774093957996,1085.1319155104015,1.8415108332019807,True
1120,1105.00816963145,1234.742329560265,1085.1319155104015,1.8323032790359708,True
1121,1105.00816963145,1177.1775155694838,1085.1319155104015,1.8231417626407909,True
1122,1105.00816963145,1189.1695874459692,1085.1319155104015,1.814026053827587,True
1123,1106.1676250264213,1106.1676250264213,1085.1319155104015,1.8049559235584491,True
1124,1106.1676250264213,1279.1073324925503,1085.1319155104015,1.795931143940657,True
1125,1106.1676250264213,1266.58837898019,1085.1319155104015,1.7869514882209536,True
1126,1106.1676250264213,1535.4416334345945,1085.1319155104015,1.778016730779849,True
1127,1106.1676250264213,1271.4803736946187,1085.1319155104015,1.7691266471259497,True
1128,1106.1676250264213,1219.9160247541058,1085.1319155104015,1.76028101389032,True
1129,1106.1676250264213,1348.0711782455369,1085.1319155104015,1.7514796088208684,True
1130,1106.1676250264213,1401.938153763843,1085.1319155104015,1.7427222107767641,True
1131,1106.1676250264213,1162.2708505921296,1085.1319155104015,1.7340085997228802,True
1132,1106.1676250264213,1382.5067856312437,1085.1319155104015,1.7253385567242658,True
1133,1106.1676250264213,1261.8513001427134,1085.1319155104015,1.7167118639406445,True
1134,1106.1676250264213,1297.1900696655375,1085.1319155104015,1.7081283046209412,True
1135,1106.1676250264213,1285.909906314049,1085.1319155104015,1.6995876630978366,True
1136,1106.1676250264213,1245.8302623252664,1085.1319155104015,1.6910897247823473,True
1137,1106.1676250264213,1262.2830479485265,1085.1319155104015,1.6826342761584356,True
1138,1106.1676250264213,1196.3060566850763,1085.1319155104015,1.6742211047776434,True
1139,1106.1676250264213,1355.254206466903,1085.1319155104015,1.6658499992537552,True
1140,1106.1676250264213,1256.7983604273902,1085.1319155104015,1.6575207492574864,True
1141,1106.1676250264213,1216.1491835596335,1085.1319155104015,1.649233145511199,True
1142,1106.1676250264213,1266.58837898019,1085.1319155104015,1.640986979783643,True
1143,1106.1676250264213,1357.027255566057,1085.1319155104015,1.6327820448847248,True
1144,1106.1676250264213,1209.610356822838,1085.1319155104015,1.6246181346603012,True
1145,1106.1676250264213,1222.8314833434542,1085.1319155104015,1.6164950439869998,True
1146,1106.1676250264213,1351.5559056267773,1085.1319155104015,1.6084125687670647,True
1147,1106.1676250264213,1222.8314833434542,1085.1319155104015,1.6003705059232294,True
1148,1106.1676250264213,1315.665406868104,1085.1319155104015,1.5923686533936132,True
1149,1106.1676250264213,1275.6987099974874,1085.1319155104015,1.584406810126645,True
1150,1106.1676250264213,1297.7275610571583,1085.1319155104015,1.576484776076012,True
1151,1106.1676250264213,1403.1904436631278,1085.1319155104015,1.5686023521956318,False
1152,1106.1676250264213,1267.9970047480733,1085.1319155104015,1.5607593404346536,True
1153,1106.1676250264213,1473.191740254749,1085.1319155104015,1.5529555437324802,False
1154,1106.1676250264213,1422.9685170845332,1085.1319155104015,1.5451907660138178,True
1155,1106.1676250264213,1262.2830479485265,1085.1319155104015,1.5374648121837486,True
1156,1106.1676250264213,1212.4153473588597,1085.1319155104015,1.5297774881228299,True
1157,1106.1676250264213,1309.1867385631092,1085.1319155104015,1.5221286006822157,True
1158,1106.1676250264213,1281.7693769522411,1085.1319155104015,1.5145179576788046,True
1159,1106.1676250264213,1251.2922049313493,1085.1319155104015,1.5069453678904106,True
1160,1106.1676250264213,1345.1796394343662,1085.1319155104015,1.4994106410509584,True
1161,1106.1676250264213,1272.2050378521953,1085.1319155104015,1.4919135878457037,True
1162,1106.1676250264213,1370.308641711639,1085.1319155104015,1.4844540199064753,True
1163,1106.1676250264213,1314.0248344739987,1085.1319155104015,1.477031749806943,True
1164,1106.1676250264213,1272.286490151774,1085.1319155104015,1.4696465910579082,True
1165,1106.1676250264213,1209.610356822838,1085.1319155104015,1.4622983581026185,True
1166,1106.1676250264213,1256.6971148516973,1085.1319155104015,1.4549868663121055,True
1167,1106.1676250264213,1393.0518656366798,1085.1319155104015,1.447711931980545,True
1168,1106.1676250264213,1254.7883757219613,1085.1319155104015,1.4404733723206422,True
1169,1106.1676250264213,1526.850185525217,1085.1319155104015,1.433271005459039,False
1170,1106.1676250264213,1261.9690466638442,1085.1319155104015,1.4261046504317438,True
1171,1106.1676250264213,1106.1676250264213,1085.1319155104015,1.418974127179585,True
1172,1106.1676250264213,1298.809114701074,1085.1319155104015,1.411879256543687,True
1173,1106.1676250264213,1278.1216974137008,1085.1319155104015,1.4048198602609687,True
1174,1106.1676250264213,1262.9284288890517,1085.1319155104015,1.3977957609596638,True
1175,1106.1676250264213,1496.776860165828,1085.1319155104015,1.3908067821548655,False
1176,1106.1676250264213,1461.067724815393,1085.1319155104015,1.3838527482440912,False
1177,1106.1676250264213,1251.287136753811,1085.1319155104015,1.3769334845028707,True
1178,1106.1676250264213,1464.1719120284813,1085.1319155104015,1.3700488170803564,True
1179,1106.1676250264213,1175.4572679503822,1085.1319155104015,1.3631985729949547,True
1180,1106.1676250264213,1277.4386902797264,1085.1319155104015,1.35638258012998,True
1181,1106.1676250264213,1324.00588876991,1085.1319155104015,1.3496006672293301,True
1182,1106.1676250264213,1218.9830810390852,1085.1319155104015,1.3428526638931835,True
1183,1106.1676250264213,1356.3456188445266,1085.1319155104015,1.3361384005737176,True
1184,1106.1676250264213,1279.5607681860256,1085.1319155104015,1.329457708570849,True
1185,1106.1676250264213,1250.8110705357435,1085.1319155104015,1.3228104200279946,True
1186,1106.1676250264213,1325.3383336673608,1085.1319155104015,1.3161963679278548,True
1187,1106.1676250264213,1348.0711782455369,1085.1319155104015,1.3096153860882156,True
1188,1106.1676250264213,1209.610356822838,1085.1319155104015,1.3030673091577745,True
1189,1106.1676250264213,1202.1912136565527,1085.1319155104015,1.2965519726119856,True
1190,1106.1676250264213,1242.0414979346924,1085.1319155104015,1.2900692127489257,True
1191,1106.1676250264213,1240.526704047584,1085.1319155104015,1.283618866685181,True
1192,1106.1676250264213,1298.0923659265359,1085.1319155104015,1.277200772351755,True
1193,1106.1676250264213,1386.76581233306,1085.1319155104015,1.2708147684899964,True
1194,1106.1676250264213,1245.86695404082,1085.1319155104015,1.2644606946475465,True
1195,1106.1676250264213,1304.820719901161,1085.1319155104015,1.2581383911743087,True
1196,1106.1676250264213,1355.3871992099628,1085.1319155104015,1.251847699218437,True
1197,1106.1676250264213,1275.5584946207748,1085.1319155104015,1.2455884607223449,True
1198,1106.1676250264213,1284.0359784677598,1085.1319155104015,1.239360518418733,True
1199,1106.1676250264213,1370.1231183648501,1085.1319155104015,1.2331637158266393,True
1200,1106.1676250264213,1411.663167843165,1085.1319155104015,1.2269978972475062,True
1201,1106.1676250264213,1309.1867385631092,1085.1319155104015,1.2208629077612687,True
1202,1106.1676250264213,1218.4461012754848,1085.1319155104015,1.2147585932224623,True
1203,1106.1676250264213,1403.1904436631278,1085.1319155104015,1.20868480025635,False
1204,1106.1676250264213,1177.0656269274516,1085.1319155104015,1.2026413762550683,True
1205,1106.1676250264213,1359.088182890629,1085.1319155104015,1.196628169373793,True
1206,1106.1676250264213,1234.7522416450124,1085.1319155104015,1.190645028526924,True
1207,1108.1505062766194,1108.1505062766194,1085.1319155104015,1.1846918033842895,True
1208,1108.1505062766194,1322.9900306994332,1085.1319155104015,1.178768344367368,True
1209,1108.1505062766194,1302.7693276862003,1085.1319155104015,1.1728745026455312,True
1210,1108.1505062766194,1244.963656112532,1085.1319155104015,1.1670101301323035,True
1211,1108.1505062766194,1273.9330398971413,1085.1319155104015,1.161175079481642,True
1212,1108.1505062766194,1297.2931913650464,1085.1319155104015,1.1553692040842338,True
1213,1108.1505062766194,1180.5280282445146,1085.1319155104015,1.1495923580638125,True
1214,1108.1505062766194,1154.4529348031872,1085.1319155104015,1.1438443962734934,True
1215,1108.1505062766194,1312.4986162295043,1085.1319155104015,1.138125174292126,True
1216,1108.1505062766194,1260.8465070558402,1085.1319155104015,1.1324345484206653,True
1217,1108.1505062766194,1184.2936732028147,1085.1319155104015,1.126772375678562,True
1218,1108.1505062766194,1348.1739464089235,1085.1319155104015,1.121138513800169,True
1219,1108.1505062766194,1200.7108828907342,1085.1319155104015,1.1155328212311681,True
1220,1108.1505062766194,1340.0725722509605,1085.1319155104015,1.1099551571250124,True
1221,1108.1505062766194,1406.5459387413198,1085.1319155104015,1.1044053813393873,True
1222,1108.1505062766194,1245.421212357689,1085.1319155104015,1.0988833544326904,True
1223,1108.1505062766194,1279.8896166664254,1085.1319155104015,1.0933889376605268,True
1224,1108.1505062766194,1405.2695649073928,1085.1319155104015,1.0879219929722241,True
1225,1108.1505062766194,1309.907858785442,1085.1319155104015,1.082482383007363,True
1226,1108.1505062766194,1314.6992980680668,1085.1319155104015,1.0770699710923264,True
1227,1108.1505062766194,1138.73437935355,1085.1319155104015,1.0716846212368647,True
1228,1108.1505062766194,1324.4988222937882,1085.1319155104015,1.0663261981306804,True
1229,1108.1505062766194,1312.571668377313,1085.1319155104015,1.060994567140027,True
1230,1108.1505062766194,1346.118605492892,1085.1319155104015,1.0556895943043267,True
1231,1108.1505062766194,1382.6630008540926,1085.1319155104015,1.0504111463328052,True
1232,1108.1505062766194,1340.83024986815,1085.1319155104015,1.0451590906011412,True
1233,1108.1505062766194,1323.5503712523196,1085.1319155104015,1.0399332951481355,True
1234,1108.1505062766194,1325.8772487350798,1085.1319155104015,1.0347336286723947,True
1235,1108.1505062766194,1366.720268869866,1085.1319155104015,1.0295599605290326,True
1236,1106.1676250264213,1106.1676250264213,1085.1319155104015,1.0244121607263874,True
1237,1106.1676250264213,1261.8513001427134,1085.1319155104015,1.0192900999227554,True
1238,1106.1676250264213,1335.6390360485698,1085.1319155104015,1.0141936494231416,True
1239,1106.1676250264213,1274.4603109920356,1085.1319155104015,1.0091226811760259,True
1240,1106.1676250264213,1315.1974669506567,1085.1319155104015,1.0040770677701458,True
1241,1106.1676250264213,1351.5559056267773,1085.1319155104015,0.9990566824312951,True
1242,1106.1676250264213,1384.0882674512902,1085.1319155104015,0.9940613990191386,False
1243,1106.1676250264213,1359.1849216834908,1085.1319155104015,0.9890910920240429,True
1244,1106.1676250264213,1291.895367263424,1085.1319155104015,0.9841456365639226,True
1245,1106.1676250264213,1168.6472777309325,1085.1319155104015,0.979224908381103,True
1246,1106.1676250264213,1296.4844362099866,1085.1319155104015,0.9743287838391975,True
1247,1106.1676250264213,1426.6925661789548,1085.1319155104015,0.9694571399200015,True
1248,1106.1676250264213,1324.1853460782136,1085.1319155104015,0.9646098542204015,True
1249,1106.1676250264213,1328.113233517919,1085.1319155104015,0.9597868049492995,True
1250,1106.1676250264213,1248.0006229923551,1085.1319155104015,0.954987870924553,True
1251,1106.1676250264213,1356.3954297158268,1085.1319155104015,0.9502129315699301,True
1252,1106.1676250264213,1264.3129236802317,1085.1319155104015,0.9454618669120805,True
1253,1106.1676250264213,1308.6440404894684,1085.1319155104015,0.94073455757752,True
1254,1106.1676250264213,1332.2670591802257,1085.1319155104015,0.9360308847896324,True
1255,1106.1676250264213,1263.002137032004,1085.1319155104015,0.9313507303656842,True
1256,1106.1676250264213,1355.6270973851795,1085.1319155104015,0.9266939767138558,True
1257,1106.1676250264213,1372.9565742114598,1085.1319155104015,0.9220605068302865,True
1258,1106.1676250264213,1370.308641711639,1085.1319155104015,0.9174502042961351,True
1259,1106.1676250264213,1177.3154276230325,1085.1319155104015,0.9128629532746544,True
1260,1106.1676250264213,1173.6127586118132,1085.1319155104015,0.9082986385082811,True
1261,1106.1676250264213,1230.8923103905563,1085.1319155104015,0.9037571453157397,True
1262,1106.1676250264213,1217.6143148601109,1085.1319155104015,0.899238359589161,True
1263,1106.1676250264213,1197.6814151504009,1085.1319155104015,0.8947421677912152,True
1264,1106.1676250264213,1369.039617252158,1085.1319155104015,0.8902684569522591,True
1265,1106.1676250264213,1282.310861273811,1085.1319155104015,0.8858171146674978,True
1266,1106.1676250264213,1274.0612569642853,1085.1319155104015,0.8813880290941603,True
1267,1106.1676250264213,1279.3536677581349,1085.1319155104015,0.8769810889486894,True
1268,1106.1676250264213,1224.9860022018922,1085.1319155104015,0.872596183503946,True
1269,1106.1676250264213,1338.6180336666143,1085.1319155104015,0.8682332025864262,True
1270,1106.1676250264213,1246.7766115747663,1085.1319155104015,0.8638920365734941,True
1271,1106.1676250264213,1390.7992262519026,1085.1319155104015,0.8595725763906267,False
1272,1106.1676250264213,1345.1796394343662,1085.1319155104015,0.8552747135086736,True
1273,1106.1676250264213,1293.0708210739035,1085.1319155104015,0.8509983399411302,True
1274,1106.1676250264213,1300.7864464360023,1085.1319155104015,0.8467433482414245,True
1275,1106.1676250264213,1162.1919795366962,1085.1319155104015,0.8425096315002174,True
1276,1106.1676250264213,1271.9501586469432,1085.1319155104015,0.8382970833427164,True
1277,1106.1676250264213,1298.809114701074,1085.1319155104015,0.8341055979260028,True
1278,1106.1676250264213,1305.6811374101676,1085.1319155104015,0.8299350699363728,True
1279,1106.1676250264213,1301.4630101872226,1085.1319155104015,0.8257853945866909,True
1280,1106.1676250264213,1178.336970964455,1085.1319155104015,0.8216564676137574,True
1281,1106.1676250264213,1129.808013840559,1085.1319155104015,0.8175481852756886,True
1282,1106.1676250264213,1175.6721633137372,1085.1319155104015,0.8134604443493102,True
1283,1106.1676250264213,1152.4700535529892,1085.1319155104015,0.8093931421275636,True
1284,1106.1676250264213,1216.0695287170543,1085.1319155104015,0.8053461764169259,True
1285,1106.1676250264213,1253.7941185978775,1085.1319155104015,0.8013194455348412,True
1286,1106.1676250264213,1302.64574513092,1085.1319155104015,0.7973128483071671,True
1287,1106.1676250264213,1256.6116340647195,1085.1319155104015,0.7933262840656312,True
1288,1106.1676250264213,1318.9396255954812,1085.1319155104015,0.7893596526453031,True
1289,1106.1676250264213,1333.8658002297605,1085.1319155104015,0.7854128543820765,True
1290,1106.1676250264213,1277.9404780726175,1085.1319155104015,0.7814857901101662,True
1291,1106.1676250264213,1528.4680625213293,1085.1319155104015,0.7775783611596153,True
1292,1106.1676250264213,1454.372248441599,1085.1319155104015,0.7736904693538172,False
1293,1106.1676250264213,1296.811959221459,1085.1319155104015,0.7698220170070481,True
1294,1106.1676250264213,1209.610356822838,1085.1319155104015,0.7659729069220129,True
1295,1106.1676250264213,1282.4805773588914,1085.1319155104015,0.7621430423874028,True
1296,1106.1676250264213,1429.0384056791315,1085.1319155104015,0.7583323271754658,True
1297,1106.1676250264213,1368.6462275007127,1085.1319155104015,0.7545406655395885,True
1298,1106.1676250264213,1306.8940210477188,1085.1319155104015,0.7507679622118906,True
1299,1106.1676250264213,1301.8267477490472,1085.1319155104015,0.7470141224008311,True
1300,1106.1676250264213,1106.1676250264213,1085.1319155104015,0.7432790517888269,True
1301,1106.1676250264213,1347.9033693518334,1085.1319155104015,0.7395626565298827,True
1302,1106.1676250264213,1106.1676250264213,1085.1319155104015,0.7358648432472333,True
1303,1106.1676250264213,1356.3954297158268,1085.1319155104015,0.7321855190309972,True
1304,1106.1676250264213,1348.4512812465903,1085.1319155104015,0.7285245914358421,True
1305,1106.1676250264213,1247.5888684694105,1085.1319155104015,0.7248819684786629,True
1306,1106.1676250264213,1173.1685648138557,1085.1319155104015,0.7212575586362696,True
1307,1106.1676250264213,1292.7954379957687,1085.1319155104015,0.7176512708430882,True
1308,1106.1676250264213,1234.7342813569883,1085.1319155104015,0.7140630144888728,True
1309,1106.1676250264213,1230.0950096151448,1085.1319155104015,0.7104926994164285,True
1310,1106.1676250264213,1106.1676250264213,1085.1319155104015,0.7069402359193463,True
1311,1106.1676250264213,1279.1073324925503,1085.1319155104015,0.7034055347397495,True
1312,1106.1676250264213,1393.4170133842163,1085.1319155104015,0.6998885070660508,True
1313,1106.1676250264213,1108.1505062766194,1085.1319155104015,0.6963890645307205,True
1314,1106.1676250264213,1353.689902623804,1085.1319155104015,0.6929071192080669,True
1315,1106.1676250264213,1240.1322687855766,1085.1319155104015,0.6894425836120266,True
1316,1106.1676250264213,1272.2050378521953,1085.1319155104015,0.6859953706939664,True
1317,1106.1676250264213,1280.406488502079,1085.1319155104015,0.6825653938404966,True
1318,1106.1676250264213,1228.4870741119105,1085.1319155104015,0.6791525668712941,True
1319,1106.1676250264213,1129.808013840559,1085.1319155104015,0.6757568040369376,True
1320,1106.1676250264213,1188.9993462008167,1085.1319155104015,0.672378020016753,True
1321,1106.1676250264213,1240.6246136542984,1085.1319155104015,0.6690161299166691,True
1322,1106.1676250264213,1224.9713357955568,1085.1319155104015,0.6656710492670858,True
1323,1106.1676250264213,1143.8467655867607,1085.1319155104015,0.6623426940207503,True
1324,1106.1676250264213,1246.7766115747663,1085.1319155104015,0.6590309805506466,True
1325,1106.1676250264213,1143.8467655867607,1085.1319155104015,0.6557358256478933,True
1326,1106.1676250264213,1135.5139500506807,1085.1319155104015,0.6524571465196539,True
1327,1106.1676250264213,1254.3529839416792,1085.1319155104015,0.6491948607870557,True
1328,1106.1676250264213,1319.7416654102733,1085.1319155104015,0.6459488864831204,True
1329,1106.1676250264213,1284.7394860352686,1085.1319155104015,0.6427191420507048,True
1330,1106.1676250264213,1233.9130772233862,1085.1319155104015,0.6395055463404513,True
1331,1106.1676250264213,1156.22173221544,1085.1319155104015,0.6363080186087491,True
1332,1106.1676250264213,1240.6246136542984,1085.1319155104015,0.6331264785157054,True
1333,1106.1676250264213,1284.88655303126,1085.1319155104015,0.6299608461231269,True
1334,1100.3259742041098,1100.3259742041098,1085.1319155104015,0.6268110418925112,True
1335,1100.3259742041098,1270.2609872822943,1085.1319155104015,0.6236769866830487,True
1336,1100.3259742041098,1121.5615203352131,1085.1319155104015,0.6205586017496335,True
1337,1100.3259742041098,1236.8959174758436,1085.1319155104015,0.6174558087408853,True
1338,1100.3259742041098,1335.8699477457715,1085.1319155104015,0.6143685296971809,True
1339,1100.3259742041098,1246.9312216996175,1085.1319155104015,0.611296687048695,True
1340,1100.3259742041098,1429.415512635931,1085.1319155104015,0.6082402036134515,True
1341,1100.3259742041098,1453.158672438597,1085.1319155104015,0.6051990025953843,True
1342,1100.3259742041098,1328.967456374732,1085.1319155104015,0.6021730075824073,True
1343,1100.3259742041098,1386.3510518434623,1085.1319155104015,0.5991621425444953,False
1344,1100.3259742041098,1296.7905085491013,1085.1319155104015,0.5961663318317728,True
1345,1100.3259742041098,1209.6949508050843,1085.1319155104015,0.593185500172614,True
1346,1100.3259742041098,1289.4384631784467,1085.1319155104015,0.5902195726717508,True
1347,1100.3259742041098,1305.0627655183323,1085.1319155104015,0.5872684748083921,True
1348,1100.3259742041098,1205.1267758877968,1085.1319155104015,0.5843321324343501,True
1349,1100.3259742041098,1162.07526776681,1085.1319155104015,0.5814104717721784,True
1350,1100.3259742041098,1429.415512635931,1085.1319155104015,0.5785034194133175,True
1351,1100.3259742041098,1339.9918113199592,1085.1319155104015,0.5756109023162509,True
1352,1100.3259742041098,1251.126908260307,1085.1319155104015,0.5727328478046696,True
1353,1100.3259742041098,1295.9926378667035,1085.1319155104015,0.5698691835656462,True
1354,1100.3259742041098,1390.3556956679693,1085.1319155104015,0.5670198376478179,True
1355,1100.3259742041098,1534.7916158815603,1085.1319155104015,0.5641847384595788,False
1356,1100.3259742041098,1195.4620382144185,1085.1319155104015,0.5613638147672809,True
1357,1100.3259742041098,1270.9314603187263,1085.1319155104015,0.5585569956934445,True
1358,1100.3259742041098,1313.0209244937555,1085.1319155104015,0.5557642107149773,True
1359,1100.3259742041098,1263.3963659637022,1085.1319155104015,0.5529853896614024,True
1360,1100.3259742041098,1274.6395879777072,1085.1319155104015,0.5502204627130954,True
1361,1100.3259742041098,1267.1170400044841,1085.1319155104015,0.54746936039953,True
1362,1100.3259742041098,1297.4262999018817,1085.1319155104015,0.5447320135975323,True
1363,1100.3259742041098,1458.4997750509074,1085.1319155104015,0.5420083535295447,True
1364,1100.3259742041098,1171.22397610514,1085.1319155104015,0.5392983117618969,True
1365,1100.3259742041098,1230.0601341329245,1085.1319155104015,0.5366018202030874,True
1366,1100.3259742041098,1243.9836492617371,1085.1319155104015,0.533918811102072,True
1367,1100.3259742041098,1273.9453930352283,1085.1319155104015,0.5312492170465616,True
1368,1100.3259742041098,1168.2471846305878,1085.1319155104015,0.5285929709613287,True
1369,1100.3259742041098,1223.7601486117665,1085.1319155104015,0.5259500061065221,True
1370,1100.3259742041098,1292.7332086054125,1085.1319155104015,0.5233202560759895,True
1371,1100.3259742041098,1265.638722872307,1085.1319155104015,0.5207036547956095,True
1372,1100.3259742041098,1325.2301823972562,1085.1319155104015,0.5181001365216314,True
1373,1100.3259742041098,1290.6427853876748,1085.1319155104015,0.5155096358390233,True
1374,1100.3259742041098,1420.8509153566433,1085.1319155104015,0.5129320876598282,True
1375,1100.3259742041098,1138.027586859361,1085.1319155104015,0.5103674272215291,True
1376,1100.3259742041098,1371.4471574512377,1085.1319155104015,0.5078155900854214,True
1377,1100.3259742041098,1159.4110775379559,1085.1319155104015,0.5052765121349944,True
1378,1100.3259742041098,1287.2291702515918,1085.1319155104015,0.5027501295743194,True
1379,1100.3259742041098,1230.1268019855854,1085.1319155104015,0.5002363789264478,True
1380,1100.3259742041098,1189.3994124022147,1085.1319155104015,0.49773519703181557,True
1381,1100.3259742041098,1294.382813544268,1085.1319155104015,0.4952465210466565,True
1382,1100.3259742041098,1202.9661903241026,1085.1319155104015,0.49277028844142323,True
1383,1100.3259742041098,1202.1912136565527,1085.1319155104015,0.4903064369992161,True
1384,1100.3259742041098,1264.454209048353,1085.1319155104015,0.48785490481422,True
1385,1100.3259742041098,1249.4643225903092,1085.1319155104015,0.4854156302901489,True
1386,1100.3259742041098,1100.3259742041098,1085.1319155104015,0.4829885521386981,True
1387,1100.3259742041098,1308.120946358018,1085.1319155104015,0.48057360937800464,True
1388,1100.3259742041098,1256.0096493204016,1085.1319155104015,0.4781707413311146,True
1389,1100.3259742041098,1231.0878495744232,1085.1319155104015,0.475779887624459,True
1390,1100.3259742041098,1282.7048761299193,1085.1319155104015,0.4734009881863367,True
1391,1100.3259742041098,1223.7601486117665,1085.1319155104015,0.471033983245405,True
1392,1100.3259742041098,1243.1767569392396,1085.1319155104015,0.468678813329178,True
1393,1100.3259742041098,1145.5804878273734,1085.1319155104015,0.4663354192625321,True
1394,1100.3259742041098,1295.9410020524356,1085.1319155104015,0.4640037421662194,True
1395,1100.3259742041098,1187.7022424189167,1085.1319155104015,0.46168372345538833,True
1396,1100.3259742041098,1259.8667434759702,1085.1319155104015,0.4593753048381114,True
1397,1100.3259742041098,1321.1026194723988,1085.1319155104015,0.4570784283139208,True
1398,1100.3259742041098,1297.2029764075407,1085.1319155104015,0.45479303617235123,True
1399,1100.3259742041098,1373.7524584884643,1085.1319155104015,0.45251907099148947,False
1400,1100.3259742041098,1162.805626908621,1085.1319155104015,0.45025647563653204,True
1401,1100.3259742041098,1305.0627655183323,1085.1319155104015,0.44800519325834937,True
1402,1100.3259742041098,1315.1654986269236,1085.1319155104015,0.4457651672920576,True
1403,1100.3259742041098,1230.0601341329245,1085.1319155104015,0.44353634145559734,True
1404,1100.3259742041098,1256.0096493204016,1085.1319155104015,0.44131865974831935,True
1405,1100.3259742041098,1289.8539425459887,1085.1319155104015,0.43911206644957773,True
1406,1100.3259742041098,1228.0714264010746,1085.1319155104015,0.43691650611732985,True
1407,1100.3259742041098,1325.2301823972562,1085.1319155104015,0.4347319235867432,True
1408,1100.3259742041098,1417.072710595798,1085.1319155104015,0.4325582639688095,True
1409,1100.3259742041098,1319.4890998664468,1085.1319155104015,0.43039547264896544,True
1410,1100.3259742041098,1286.9001034045752,1085.1319155104015,0.4282434952857206,True
1411,1100.3259742041098,1405.8624246565835,1085.1319155104015,0.426102277809292,True
1412,1100.3259742041098,1258.4712728579202,1085.1319155104015,0.42397176642024553,True
1413,1100.3259742041098,1290.4495056501453,1085.1319155104015,0.4218519075881443,True
1414,1100.3259742041098,1100.3259742041098,1085.1319155104015,0.41974264805020356,True
1415,1100.3259742041098,1317.129537417284,1085.1319155104015,0.41764393480995254,True
1416,1100.3259742041098,1380.4373554889903,1085.1319155104015,0.4155557151359028,True
1417,1100.3259742041098,1266.385072369732,1085.1319155104015,0.41347793656022325,True
1418,1100.3259742041098,1459.1967308627231,1085.1319155104015,0.4114105468774221,True
1419,1100.3259742041098,1224.045111664213,1085.1319155104015,0.409353494143035,True
1420,1100.3259742041098,1433.9438974486707,1085.1319155104015,0.4073067266723198,True
1421,1100.3259742041098,1325.7631885060719,1085.1319155104015,0.4052701930389582,True
1422,1100.3259742041098,1262.5277996359268,1085.1319155104015,0.40324384207376346,True
1423,1100.3259742041098,1281.4704720743657,1085.1319155104015,0.40122762286339464,True
1424,1100.3259742041098,1196.906875173309,1085.1319155104015,0.39922148474907765,True
1425,1100.3259742041098,1296.0872809581742,1085.1319155104015,0.39722537732533225,True
1426,1100.3259742041098,1349.7854465628677,1085.1319155104015,0.3952392504387056,True
1427,1100.3259742041098,1191.8397643280894,1085.1319155104015,0.3932630541865121,True
1428,1100.3259742041098,1254.7892315707425,1085.1319155104015,0.39129673891557953,True
1429,1100.3259742041098,1380.4373554889903,1085.1319155104015,0.38934025522100163,True
1430,1100.3259742041098,1401.2540525576317,1085.1319155104015,0.3873935539448966,False
1431,1100.3259742041098,1212.4962572996703,1085.1319155104015,0.38545658617517214,True
1432,1100.3259742041098,1455.9797269676822,1085.1319155104015,0.3835293032442963,False
1433,1100.3259742041098,1296.5122075434385,1085.1319155104015,0.3816116567280748,True
1434,1100.3259742041098,1380.784216163521,1085.1319155104015,0.3797035984444344,True
1435,1100.3259742041098,1157.588655164789,1085.1319155104015,0.3778050804522122,True
1436,1100.3259742041098,1422.6339411624945,1085.1319155104015,0.3759160550499512,True
1437,1100.3259742041098,1146.5581300159963,1085.1319155104015,0.3740364747747014,True
1438,1100.3259742041098,1230.1268019855854,1085.1319155104015,0.37216629240082794,True
1439,1100.3259742041098,1146.6284027306776,1085.1319155104015,0.37030546093882377,True
1440,1100.3259742041098,1293.5648396642987,1085.1319155104015,0.36845393363412965,True
1441,1100.3259742041098,1275.3367179224272,1085.1319155104015,0.366611663965959,True
1442,1100.3259742041098,1510.7393093337764,1085.1319155104015,0.36477860564612924,False
1443,1100.3259742041098,1453.158672438597,1085.1319155104015,0.3629547126178986,True
1444,1100.3259742041098,1240.5460731304788,1085.1319155104015,0.36113993905480907,True
1445,1100.3259742041098,1222.9955608899202,1085.1319155104015,0.359334239359535,True
1446,1100.3259742041098,1436.7686008005435,1085.1319155104015,0.35753756816273735,True
1447,1100.3259742041098,1307.3884559033315,1085.1319155104015,0.3557498803219237,True
1448,1100.3259742041098,1319.5203440642358,1085.1319155104015,0.35397113092031407,True
1449,1100.3259742041098,1292.7332086054125,1085.1319155104015,0.3522012752657125,True
1450,1100.3259742041098,1306.1745055438712,1085.1319155104015,0.3504402688893839,True
1451,1100.3259742041098,1267.1170400044841,1085.1319155104015,0.348688067544937,True
1452,1100.3259742041098,1287.2291702515918,1085.1319155104015,0.3469446272072123,True
1453,1100.3259742041098,1286.7430727837086,1085.1319155104015,0.34520990407117624,True
1454,1100.3259742041098,1288.5900111144686,1085.1319155104015,0.34348385455082037,True
1455,1100.3259742041098,1257.1604862096922,1085.1319155104015,0.34176643527806627,True
1456,1100.3259742041098,1256.561375380625,1085.1319155104015,0.34005760310167593,True
1457,1100.3259742041098,1229.44537053563,1085.1319155104015,0.33835731508616756,True
1458,1100.3259742041098,1307.9703724792325,1085.1319155104015,0.3366655285107367,True
1459,1100.3259742041098,1166.7674276218765,1085.1319155104015,0.33498220086818303,True
1460,1100.3259742041098,1427.6983446187564,1085.1319155104015,0.3333072898638421,True
1461,1100.3259742041098,1158.2259901160717,1085.1319155104015,0.3316407534145229,True
1462,1100.3259742041098,1296.7905085491013,1085.1319155104015,0.32998254964745033,True
1463,1100.3259742041098,1100.3259742041098,1085.1319155104015,0.3283326368992131,True
1464,1100.3259742041098,1457.1475021020467,1085.1319155104015,0.32669097371471706,True
1465,1100.3259742041098,1485.808095290606,1085.1319155104015,0.3250575188461435,False
1466,1100.3259742041098,1317.5513996475229,1085.1319155104015,0.3234322312519128,True
1467,1100.3259742041098,1209.0882805132148,1085.1319155104015,0.32181507009565324,True
1468,1100.3259742041098,1367.274407757485,1085.1319155104015,0.32020599474517497,True
1469,1100.3259742041098,1158.7842916010661,1085.1319155104015,0.3186049647714491,True
1470,1100.3259742041098,1192.0788823366308,1085.1319155104015,0.31701193994759186,True
1471,1100.3259742041098,1205.1267758877968,1085.1319155104015,0.3154268802478539,True
1472,1100.3259742041098,1286.611389233447,1085.1319155104015,0.3138497458466147,True
1473,1100.3259742041098,1228.910590822701,1085.1319155104015,0.3122804971173816,True
1474,1100.3259742041098,1172.00994646499,1085.1319155104015,0.3107190946317947,True
1475,1100.3259742041098,1458.3302612061698,1085.1319155104015,0.3091654991586357,True
1476,1100.3259742041098,1158.2259901160717,1085.1319155104015,0.30761967166284254,True
1477,1100.3259742041098,1240.9349607524548,1085.1319155104015,0.30608157330452834,True
1478,1100.3259742041098,1320.3027477255825,1085.1319155104015,0.3045511654380057,True
1479,1100.3259742041098,1353.4663640156703,1085.1319155104015,0.3030284096108157,True
1480,1100.3259742041098,1157.6558178601365,1085.1319155104015,0.3015132675627616,True
1481,1100.3259742041098,1223.459869591485,1085.1319155104015,0.3000057012249478,True
1482,1100.3259742041098,1185.5168694063514,1085.1319155104015,0.29850567271882306,True
1483,1100.3259742041098,1242.8800563171726,1085.1319155104015,0.29701314435522896,True
1484,1100.3259742041098,1125.771847157616,1085.1319155104015,0.2955280786334528,True
1485,1100.3259742041098,1320.363015927986,1085.1319155104015,0.29405043824028554,True
1486,1100.3259742041098,1100.3259742041098,1085.1319155104015,0.2925801860490841,True
1487,1100.3259742041098,1287.2322688600843,1085.1319155104015,0.29111728511883866,True
1488,1100.3259742041098,1292.9674638787624,1085.1319155104015,0.2896616986932445,True
1489,1100.3259742041098,1310.2991580538799,1085.1319155104015,0.28821339019977826,True
1490,1100.3259742041098,1303.3450877407977,1085.1319155104015,0.2867723232487794,True
1491,1100.3259742041098,1345.9716374176928,1085.1319155104015,0.28533846163253546,True
1492,1100.3259742041098,1330.9474989132923,1085.1319155104015,0.2839117693243728,True
1493,1100.3259742041098,1193.6002472816563,1085.1319155104015,0.2824922104777509,True
1494,1100.3259742041098,1335.3354117110584,1085.1319155104015,0.2810797494253622,True
1495,1100.3259742041098,1225.0506595682446,1085.1319155104015,0.2796743506782354,True
1496,1100.3259742041098,1191.8397643280894,1085.1319155104015,0.2782759789248442,True
1497,1100.3259742041098,1234.7952592053418,1085.1319155104015,0.27688459903021995,True
1498,1100.3259742041098,1266.4113055640469,1085.1319155104015,0.2755001760350688,True
1499,1100.3259742041098,1332.3330361740407,1085.1319155104015,0.27412267515489347,True
1500,1100.3259742041098,1550.4188390019228,1085.1319155104015,0.272752061779119,True
1501,1100.3259742041098,1100.3259742041098,1085.1319155104015,0.27138830147022336,True
1502,1100.3259742041098,1485.808095290606,1085.1319155104015,0.27003135996287225,False
1503,1100.3259742041098,1208.3458850922375,1085.1319155104015,0.2686812031630579,True
1504,1100.3259742041098,1216.879653910233,1085.1319155104015,0.2673377971472426,True
1505,1100.3259742041098,1406.03801298075,1085.1319155104015,0.2660011081615064,True
1506,1100.3259742041098,1284.3565623643606,1085.1319155104015,0.2646711026206989,True
1507,1100.3259742041098,1286.7430727837086,1085.1319155104015,0.2633477471075954,True
1508,1100.3259742041098,1286.9189136339862,1085.1319155104015,0.2620310083720574,True
1509,1100.3259742041098,1288.6123427268403,1085.1319155104015,0.2607208533301971,True
1510,1100.3259742041098,1226.715135268161,1085.1319155104015,0.25941724906354613,True
1511,1100.3259742041098,1484.9862527504238,1085.1319155104015,0.2581201628182284,True
1512,1100.3259742041098,1412.7007859092776,1085.1319155104015,0.25682956200413726,False
1513,1100.3259742041098,1242.8800563171726,1085.1319155104015,0.2555454141941166,True
1514,1100.3259742041098,1197.79265679348,1085.1319155104015,0.254267687123146,True
1515,1100.3259742041098,1480.7511211050046,1085.1319155104015,0.2529963486875303,True
1516,1100.3259742041098,1266.9501622149746,1085.1319155104015,0.25173136694409265,True
1517,1100.3259742041098,1297.9225667005558,1085.1319155104015,0.25047271010937217,True
1518,1100.3259742041098,1250.7504905087624,1085.1319155104015,0.2492203465588253,True
1519,1100.3259742041098,1233.3220186542887,1085.1319155104015,0.24797424482603117,True
1520,1100.3259742041098,1172.00994646499,1085.1319155104015,0.246734373601901,True
1521,1100.3259742041098,1230.1268019855854,1085.1319155104015,0.2455007017338915,True
1522,1100.3259742041098,1215.2861073476577,1085.1319155104015,0.24427319822522203,True
1523,1100.3259742041098,1246.9638436494517,1085.1319155104015,0.24305183223409593,True
1524,1100.3259742041098,1100.3259742041098,1085.1319155104015,0.24183657307292544,True
1525,1100.3259742041098,1344.757493940057,1085.1319155104015,0.24062739020756083,True
1526,1100.3259742041098,1299.2009617059875,1085.1319155104015,0.23942425325652303,True
1527,1100.3259742041098,1238.041164909321,1085.1319155104015,0.23822713199024043,True
1528,1100.3259742041098,1254.554189414639,1085.1319155104015,0.2370359963302892,True
1529,1100.3259742041098,1366.831702517431,1085.1319155104015,0.23585081634863778,True
1530,1100.3259742041098,1305.837031863802,1085.1319155104015,0.2346715622668946,True
1531,1100.3259742041098,1172.00994646499,1085.1319155104015,0.2334982044555601,True
1532,1100.3259742041098,1268.469477588736,1085.1319155104015,0.2323307134332823,True
1533,1100.3259742041098,1305.5260305114152,1085.1319155104015,0.23116905986611588,True
1534,1100.3259742041098,1289.9396968281337,1085.1319155104015,0.2300132145667853,True
1535,1100.3259742041098,1282.1402525171713,1085.1319155104015,0.22886314849395137,True
1536,1100.3259742041098,1160.0948299711495,1085.1319155104015,0.2277188327514816,True
1537,1100.3259742041098,1420.4207937743188,1085.1319155104015,0.2265802385877242,True
1538,1100.3259742041098,1398.7630835041846,1085.1319155104015,0.22544733739478556,True
1539,1100.3259742041098,1277.578393830236,1085.1319155104015,0.22432010070781164,True
1540,1100.3259742041098,1313.4531900241327,1085.1319155104015,0.22319850020427257,True
1541,1100.3259742041098,1231.0878495744232,1085.1319155104015,0.2220825077032512,True
1542,1100.3259742041098,1208.3458850922375,1085.1319155104015,0.22097209516473493,True
1543,1100.3259742041098,1392.3365869227293,1085.1319155104015,0.21986723468891126,True
1544,1100.3259742041098,1386.8391595745788,1085.1319155104015,0.21876789851546669,False
1545,1100.3259742041098,1362.8506012138362,1085.1319155104015,0.21767405902288936,True
1546,1100.3259742041098,1307.3884559033315,1085.1319155104015,0.21658568872777492,True
1547,1100.3259742041098,1269.8570591751757,1085.1319155104015,0.21550276028413604,True
1548,1100.3259742041098,1287.2291702515918,1085.1319155104015,0.21442524648271535,True
1549,1100.3259742041098,1231.0878495744232,1085.1319155104015,0.2133531202503018,True
1550,1100.3259742041098,1320.3694954372575,1085.1319155104015,0.21228635464905027,True
1551,1100.3259742041098,1302.0644560683452,1085.1319155104015,0.21122492287580502,True
1552,1100.3259742041098,1291.3672233817524,1085.1319155104015,0.21016879826142598,True
1553,1100.3259742041098,1189.3994124022147,1085.1319155104015,0.20911795427011884,True
1554,1100.3259742041098,1283.2512243175536,1085.1319155104015,0.20807236449876823,True
1555,1100.3259742041098,1219.7714420309082,1085.1319155104015,0.2070320026762744,True
1556,1100.3259742041098,1184.2159524300112,1085.1319155104015,0.205996842662893,True
1557,1100.3259742041098,1240.1060263829477,1085.1319155104015,0.20496685844957854,True
1558,1100.3259742041098,1297.2029764075407,1085.1319155104015,0.20394202415733065,True
1559,1100.3259742041098,1214.2499727497416,1085.1319155104015,0.20292231403654398,True
1560,1100.3259742041098,1354.0216398480513,1085.1319155104015,0.20190770246636125,False
1561,1100.3259742041098,1146.6284027306776,1085.1319155104015,0.20089816395402943,True
1562,1100.3259742041098,1500.7541945788214,1085.1319155104015,0.1998936731342593,False
1563,1100.3259742041098,1316.0675274908745,1085.1319155104015,0.198894204768588,True
1564,1100.3259742041098,1255.5160835116667,1085.1319155104015,0.19789973374474504,True
1565,1100.3259742041098,1168.0181812749536,1085.1319155104015,0.19691023507602132,True
1566,1100.3259742041098,1168.2471846305878,1085.1319155104015,0.19592568390064122,True
1567,1100.3259742041098,1331.2439121348439,1085.1319155104015,0.194946055481138,True
1568,1100.3259742041098,1166.1913892775547,1085.1319155104015,0.1939713252037323,True
1569,1100.3259742041098,1105.00816963145,1085.1319155104015,0.19300146857771364,True
1570,1100.3259742041098,1423.3929009002072,1085.1319155104015,0.19203646123482507,True
1571,1100.3259742041098,1366.698146506996,1085.1319155104015,0.19107627892865095,False
1572,1100.3259742041098,1321.559767235912,1085.1319155104015,0.19012089753400768,True
1573,1100.3259742041098,1121.5615203352131,1085.1319155104015,0.18917029304633765,True
1574,1100.3259742041098,1108.5724677094556,1085.1319155104015,0.18822444158110596,True
1575,1100.3259742041098,1268.2509895288122,1085.1319155104015,0.18728331937320042,True
1576,1100.3259742041098,1433.9438974486707,1085.1319155104015,0.18634690277633442,True
1577,1100.3259742041098,1352.8409916136347,1085.1319155104015,0.18541516826245275,True
1578,1100.3259742041098,1212.6044504531733,1085.1319155104015,0.18448809242114048,True
1579,1100.3259742041098,1267.0708510766729,1085.1319155104015,0.18356565195903476,True
1580,1100.3259742041098,1248.2014504016481,1085.1319155104015,0.1826478236992396,True
1581,1100.3259742041098,1160.0948299711495,1085.1319155104015,0.1817345845807434,True
1582,1100.3259742041098,1380.784216163521,1085.1319155104015,0.18082591165783968,True
1583,1100.3259742041098,1331.4998661321358,1085.1319155104015,0.17992178209955048,True
1584,1100.3259742041098,1371.4471574512377,1085.1319155104015,0.17902217318905272,True
1585,1100.3259742041098,1232.1330123852763,1085.1319155104015,0.17812706232310746,True
1586,1100.3259742041098,1359.886196293043,1085.1319155104015,0.17723642701149192,True
1587,1100.3259742041098,1320.3694954372575,1085.1319155104015,0.17635024487643447,True
1588,1100.3259742041098,1211.9993019655478,1085.1319155104015,0.1754684936520523,True
1589,1100.3259742041098,1284.698106007613,1085.1319155104015,0.17459115118379204,True
1590,1100.3259742041098,1189.2713953716088,1085.1319155104015,0.1737181954278731,True
1591,1100.3259742041098,1309.2678810165507,1085.1319155104015,0.17284960445073372,True
1592,1100.3259742041098,1319.6790013508132,1085.1319155104015,0.17198535642848004,True
1593,1100.3259742041098,1261.1816696584754,1085.1319155104015,0.17112542964633765,True
1594,1100.3259742041098,1529.599982612283,1085.1319155104015,0.17026980249810594,True
1595,1100.3259742041098,1169.8305124914257,1085.1319155104015,0.1694184534856154,True
1596,1100.3259742041098,1100.3259742041098,1085.1319155104015,0.16857136121818733,True
1597,1100.3259742041098,1231.0878495744232,1085.1319155104015,0.16772850441209639,True
1598,1100.3259742041098,1455.0761407533132,1085.1319155104015,0.1668898618900359,True
1599,1100.3259742041098,1268.469477588736,1085.1319155104015,0.16605541258058573,True
1600,1100.3259742041098,1255.5160835116667,1085.1319155104015,0.1652251355176828,True
1601,1100.3259742041098,1296.0872809581742,1085.1319155104015,0.1643990098400944,True
1602,1100.3259742041098,1273.512016935823,1085.1319155104015,0.16357701479089393,True
1603,1100.3259742041098,1256.0096493204016,1085.1319155104015,0.16275912971693945,True
1604,1100.3259742041098,1398.4632052933239,1085.1319155104015,0.16194533406835476,False
1605,1100.3259742041098,1575.9936169637788,1085.1319155104015,0.161135607398013,False
1606,1100.3259742041098,1266.9501622149746,1085.1319155104015,0.16032992936102294,True
1607,1100.3259742041098,1218.8561433473642,1085.1319155104015,0.15952827971421782,True
1608,1100.3259742041098,1279.7677729947895,1085.1319155104015,0.15873063831564674,True
1609,1100.3259742041098,1230.1268019855854,1085.1319155104015,0.1579369851240685,True
1610,1100.3259742041098,1355.1883957638788,1085.1319155104015,0.15714730019844816,False
1611,1100.3259742041098,1250.6684046052249,1085.1319155104015,0.15636156369745594,True
1612,1100.3259742041098,1234.8089288955139,1085.1319155104015,0.15557975587896866,True
1613,1100.3259742041098,1260.6203964505708,1085.1319155104015,0.1548018570995738,True
1614,1100.3259742041098,1170.3180402642129,1085.1319155104015,0.15402784781407594,True
1615,1100.3259742041098,1365.7104667254148,1085.1319155104015,0.15325770857500556,True
1616,1100.3259742041098,1442.2354280120746,1085.1319155104015,0.15249142003213054,True
1617,1100.3259742041098,1402.0141230641166,1085.1319155104015,0.15172896293196989,True
1618,1100.3259742041098,1316.3116303470376,1085.1319155104015,0.15097031811731004,True
1619,1100.3259742041098,1469.5977007934443,1085.1319155104015,0.1502154665267235,True
1620,1100.3259742041098,1273.9453930352283,1085.1319155104015,0.14946438919408986,True
1621,1100.3259742041098,1253.0219749833307,1085.1319155104015,0.14871706724811942,True
1622,1100.3259742041098,1100.3259742041098,1085.1319155104015,0.1479734819118788,True
1623,1100.3259742041098,1352.8409916136347,1085.1319155104015,0.14723361450231942,True
1624,1100.3259742041098,1176.202708646854,1085.1319155104015,0.14649744642980783,True
1625,1100.3259742041098,1223.0941449767472,1085.1319155104015,0.1457649591976588,True
1626,1100.3259742041098,1469.5600502726375,1085.1319155104015,0.1450361344016705,False
1627,1100.3259742041098,1317.513801594851,1085.1319155104015,0.14431095372966216,True
1628,1100.3259742041098,1344.536482813587,1085.1319155104015,0.14358939896101383,True
1629,1100.3259742041098,1342.0617185295218,1085.1319155104015,0.14287145196620876,True
1630,1100.3259742041098,1159.4110775379559,1085.1319155104015,0.14215709470637772,True
1631,1100.3259742041098,1139.9022888268348,1085.1319155104015,0.14144630923284582,True
1632,1100.3259742041098,1173.1482170704526,1085.1319155104015,0.1407390776866816,True
1633,1100.3259742041098,1162.805626908621,1085.1319155104015,0.1400353822982482,True
1634,1100.3259742041098,1381.6778144853488,1085.1319155104015,0.13933520538675695,True
1635,1100.3259742041098,1204.0431152553158,1085.1319155104015,0.13863852935982315,True
1636,1100.3259742041098,1485.808095290606,1085.1319155104015,0.13794533671302403,False
1637,1100.3259742041098,1162.805626908621,1085.1319155104015,0.1372556100294589,True
1638,1100.3259742041098,1124.5942186302755,1085.1319155104015,0.13656933197931162,True
1639,1100.3259742041098,1253.0219749833307,1085.1319155104015,0.13588648531941505,True
1640,1100.3259742041098,1282.9907070762554,1085.1319155104015,0.13520705289281798,True
1641,1100.3259742041098,1181.3299411998194,1085.1319155104015,0.1345310176283539,True
1642,1100.3259742041098,1500.7541945788214,1085.1319155104015,0.13385836254021213,False
1643,1100.3259742041098,1250.6684046052249,1085.1319155104015,0.13318907072751107,True
1644,1100.3259742041098,1259.6248033821068,1085.1319155104015,0.1325231253738735,True
1645,1100.3259742041098,1205.1267758877968,1085.1319155104015,0.13186050974700414,True
1646,1100.3259742041098,1307.7467592888852,1085.1319155104015,0.1312012071982691,True
1647,1100.3259742041098,1323.3729449945615,1085.1319155104015,0.13054520116227777,True
1648,1100.3259742041098,1286.647914583397,1085.1319155104015,0.12989247515646637,True
1649,1100.3259742041098,1279.7677729947895,1085.1319155104015,0.12924301278068404,True
1650,1100.3259742041098,1232.9195174620654,1085.1319155104015,0.12859679771678062,True
1651,1100.3259742041098,1265.540010051676,1085.1319155104015,0.12795381372819672,True
1652,1100.3259742041098,1238.041164909321,1085.1319155104015,0.12731404465955573,True
1653,1100.3259742041098,1399.4844003882918,1085.1319155104015,0.12667747443625796,True
1654,1100.3259742041098,1267.5789776206846,1085.1319155104015,0.12604408706407666,True
1655,1100.3259742041098,1320.737980321605,1085.1319155104015,0.12541386662875628,True
1656,1100.3259742041098,1284.3576607704088,1085.1319155104015,0.1247867972956125,True
1657,1100.3259742041098,1159.4110775379559,1085.1319155104015,0.12416286330913444,True
1658,1100.3259742041098,1333.5679657987728,1085.1319155104015,0.12354204899258876,True
1659,1100.3259742041098,1261.2269712093837,1085.1319155104015,0.12292433874762582,True
1660,1100.3259742041098,1313.4531900241327,1085.1319155104015,0.12230971705388768,True
1661,1100.3259742041098,1124.5942186302755,1085.1319155104015,0.12169816846861825,True
1662,1100.3259742041098,1346.7515789849838,1085.1319155104015,0.12108967762627516,True
1663,1100.3259742041098,1272.8659270565076,1085.1319155104015,0.12048422923814378,True
1664,1100.3259742041098,1159.4110775379559,1085.1319155104015,0.11988180809195306,True
1665,1100.3259742041098,1100.3259742041098,1085.1319155104015,0.11928239905149329,True
1666,1100.3259742041098,1248.2014504016481,1085.1319155104015,0.11868598705623583,True
1667,1100.3259742041098,1234.7952592053418,1085.1319155104015,0.11809255712095465,True
1668,1100.3259742041098,1371.9430730719962,1085.1319155104015,0.11750209433534987,True
1669,1100.3259742041098,1256.0096493204016,1085.1319155104015,0.11691458386367312,True
1670,1100.3259742041098,1162.0163770505346,1085.1319155104015,0.11633001094435476,True
1671,1100.3259742041098,1406.03801298075,1085.1319155104015,0.11574836088963299,True
1672,1100.3259742041098,1396.0965029415315,1085.1319155104015,0.11516961908518482,True
1673,1100.3259742041098,1321.1026194723988,1085.1319155104015,0.1145937709897589,True
1674,1100.3259742041098,1405.8215170208534,1085.1319155104015,0.1140208021348101,True
1675,1100.3259742041098,1375.6294910708507,1085.1319155104015,0.11345069812413605,True
1676,1100.3259742041098,1340.7922488623665,1085.1319155104015,0.11288344463351536,True
1677,1100.3259742041098,1285.0391070782423,1085.1319155104015,0.11231902741034779,True
1678,1100.3259742041098,1170.9143011358892,1085.1319155104015,0.11175743227329604,True
1679,1100.3259742041098,1251.126908260307,1085.1319155104015,0.11119864511192956,True
1680,1100.3259742041098,1232.1330123852763,1085.1319155104015,0.11064265188636992,True
1681,1100.3259742041098,1270.2609872822943,1085.1319155104015,0.11008943862693807,True
1682,1100.3259742041098,1207.9296273587215,1085.1319155104015,0.10953899143380338,True
1683,1100.3259742041098,1166.509842122915,1085.1319155104015,0.10899129647663437,True
1684,1100.3259742041098,1369.0216195312478,1085.1319155104015,0.1084463399942512,True
1685,1100.3259742041098,1296.1470244751135,1085.1319155104015,0.10790410829427995,True
1686,1100.3259742041098,1255.5160835116667,1085.1319155104015,0.10736458775280855,True
1687,1100.3259742041098,1158.178065466895,1085.1319155104015,0.1068277648140445,True
1688,1100.3259742041098,1127.737599966677,1085.1319155104015,0.10629362598997429,True
1689,1100.3259742041098,1270.9314603187263,1085.1319155104015,0.10576215786002441,True
1690,1100.3259742041098,1193.6002472816563,1085.1319155104015,0.10523334707072429,True
1691,1100.3259742041098,1216.879653910233,1085.1319155104015,0.10470718033537067,True
1692,1100.3259742041098,1301.0523702254072,1085.1319155104015,0.10418364443369382,True
1693,1100.3259742041098,1470.7675134694239,1085.1319155104015,0.10366272621152535,False
1694,1100.3259742041098,1172.4953201421433,1085.1319155104015,0.10314441258046772,True
1695,1100.3259742041098,1186.3113580591446,1085.1319155104015,0.10262869051756539,True
1696,1100.3259742041098,1236.8959174758436,1085.1319155104015,0.10211554706497757,True
1697,1100.3259742041098,1376.0361103472742,1085.1319155104015,0.10160496932965268,True
1698,1100.3259742041098,1436.4581047869754,1085.1319155104015,0.10109694448300442,True
1699,1100.3259742041098,1248.084791320481,1085.1319155104015,0.1005914597605894,True
1700,1100.3259742041098,1245.6545323312866,1085.1319155104015,0.10008850246178645,True
1701,1100.3259742041098,1484.7620547370955,1085.1319155104015,0.09958805994947752,False
1702,1100.3259742041098,1455.9797269676822,1085.1319155104015,0.09909011964973014,False
1703,1100.3259742041098,1442.5601171895091,1085.1319155104015,0.09859466905148148,False
1704,1100.3259742041098,1256.4413971262147,1085.1319155104015,0.09810169570622407,True
1705,1100.3259742041098,1401.2540525576317,1085.1319155104015,0.09761118722769295,False
1706,1100.3259742041098,1346.8524060248733,1085.1319155104015,0.09712313129155449,True
1707,1100.3259742041098,1422.6339411624945,1085.1319155104015,0.09663751563509672,True
1708,1100.3259742041098,1262.5523166277687,1085.1319155104015,0.09615432805692123,True
1709,1100.3259742041098,1145.5804878273734,1085.1319155104015,0.09567355641663662,True
1710,1100.3259742041098,1170.9143011358892,1085.1319155104015,0.09519518863455344,True
1711,1100.3259742041098,1223.2307302660402,1085.1319155104015,0.09471921269138067,True
1712,1100.3259742041098,1335.1490325562602,1085.1319155104015,0.09424561662792377,True
1713,1100.3259742041098,1363.5788079497231,1085.1319155104015,0.09377438854478415,True
1714,1100.3259742041098,1311.1303178111664,1085.1319155104015,0.09330551660206023,True
1715,1100.3259742041098,1267.1170400044841,1085.1319155104015,0.09283898901904993,True
1716,1100.3259742041098,1374.5326026396315,1085.1319155104015,0.09237479407395467,True
1717,1100.3259742041098,1292.9674638787624,1085.1319155104015,0.0919129201035849,True
1718,1100.3259742041098,1187.6453424101967,1085.1319155104015,0.09145335550306698,True
1719,1100.3259742041098,1471.5060225599952,1085.1319155104015,0.09099608872555164,True
1720,1100.3259742041098,1438.4074553261455,1085.1319155104015,0.09054110828192388,True
1721,1100.3259742041098,1192.8863508182246,1085.1319155104015,0.09008840274051426,True
1722,1100.3259742041098,1159.4110775379559,1085.1319155104015,0.08963796072681168,True
1723,1100.3259742041098,1253.7225531584984,1085.1319155104015,0.08918977092317762,True
1724,1100.3259742041098,1223.0941449767472,1085.1319155104015,0.08874382206856173,True
1725,1100.3259742041098,1299.2009617059875,1085.1319155104015,0.08830010295821891,True
1726,1100.3259742041098,1457.1475021020467,1085.1319155104015,0.08785860244342782,True
1727,1100.3259742041098,1284.814651902355,1085.1319155104015,0.08741930943121068,True
1728,1100.3259742041098,1242.2852137969435,1085.1319155104015,0.08698221288405462,True
1729,1100.3259742041098,1365.2613675948833,1085.1319155104015,0.08654730181963435,False
1730,1100.3259742041098,1292.7588239133686,1085.1319155104015,0.08611456531053618,True
1731,1100.3259742041098,1253.7225531584984,1085.1319155104015,0.0856839924839835,True
1732,1100.3259742041098,1268.9786959197943,1085.1319155104015,0.08525557252156359,True
1733,1100.3259742041098,1454.1285665507937,1085.1319155104015,0.08482929465895576,True
1734,1100.3259742041098,1123.9663630182474,1085.1319155104015,0.08440514818566099,True
1735,1100.3259742041098,1192.4373134743012,1085.1319155104015,0.08398312244473267,True
1736,1100.3259742041098,1405.7587298529631,1085.1319155104015,0.08356320683250901,True
1737,1100.3259742041098,1428.1932482593747,1085.1319155104015,0.08314539079834646,True
1738,1100.3259742041098,1307.3284917380972,1085.1319155104015,0.08272966384435472,True
1739,1100.3259742041098,1345.9716374176928,1085.1319155104015,0.08231601552513294,True
1740,1100.3259742041098,1378.2466166289785,1085.1319155104015,0.08190443544750728,False
1741,1100.3259742041098,1241.6431599915088,1085.1319155104015,0.08149491327026974,True
1742,1100.3259742041098,1471.0854492547926,1085.1319155104015,0.0810874387039184,True
1743,1100.3259742041098,1202.1912136565527,1085.1319155104015,0.0806820015103988,True
1744,1100.3259742041098,1318.1840280933827,1085.1319155104015,0.0802785915028468,True
1745,1100.3259742041098,1100.3259742041098,1085.1319155104015,0.07987719854533257,True
1746,1100.3259742041098,1270.302036812216,1085.1319155104015,0.0794778125526059,True
1747,1100.3259742041098,1290.1669498142733,1085.1319155104015,0.07908042348984287,True
1748,1100.3259742041098,1415.5411745100073,1085.1319155104015,0.07868502137239365,True
1749,1100.3259742041098,1290.1669498142733,1085.1319155104015,0.07829159626553168,True
1750,1100.3259742041098,1160.9570868696155,1085.1319155104015,0.07790013828420403,True
1751,1100.3259742041098,1108.1505062766194,1085.1319155104015,0.07751063759278301,True
1752,1100.3259742041098,1292.9674638787624,1085.1319155104015,0.07712308440481909,True
1753,1100.3259742041098,1377.8481952751827,1085.1319155104015,0.07673746898279499,True
1754,1100.3259742041098,1222.8307815475425,1085.1319155104015,0.07635378163788101,True
1755,1100.3259742041098,1266.9501622149746,1085.1319155104015,0.0759720127296916,True
1756,1100.3259742041098,1376.0361103472742,1085.1319155104015,0.07559215266604315,True
1757,1100.3259742041098,1244.969419713432,1085.1319155104015,0.07521419190271293,True
1758,1100.3259742041098,1272.7311738266153,1085.1319155104015,0.07483812094319937,True
1759,1100.3259742041098,1267.1170400044841,1085.1319155104015,0.07446393033848338,True
1760,1100.3259742041098,1420.8509153566433,1085.1319155104015,0.07409161068679096,True
1761,1100.3259742041098,1272.7311738266153,1085.1319155104015,0.073721152633357,True
1762,1100.3259742041098,1284.3576607704088,1085.1319155104015,0.07335254687019022,True
1763,1100.3259742041098,1320.5937064135385,1085.1319155104015,0.07298578413583927,True
1764,1100.3259742041098,1407.6400822933065,1085.1319155104015,0.07262085521516007,True
1765,1100.3259742041098,1363.5788079497231,1085.1319155104015,0.07225775093908426,True
1766,1100.3259742041098,1204.0431152553158,1085.1319155104015,0.07189646218438885,True
1767,1100.3259742041098,1275.3367179224272,1085.1319155104015,0.0715369798734669,True
1768,1100.3259742041098,1248.084791320481,1085.1319155104015,0.07117929497409956,True
1769,1100.3259742041098,1315.72583917981,1085.1319155104015,0.07082339849922906,True
1770,1100.3259742041098,1366.698146506996,1085.1319155104015,0.07046928150673291,False
1771,1100.3259742041098,1378.8551079381978,1085.1319155104015,0.07011693509919925,True
1772,1100.3259742041098,1290.1669498142733,1085.1319155104015,0.06976635042370326,True
1773,1100.3259742041098,1289.4384631784467,1085.1319155104015,0.06941751867158474,True
1774,1100.3259742041098,1100.3259742041098,1085.1319155104015,0.06907043107822682,True
1775,1100.3259742041098,1317.5513996475229,1085.1319155104015,0.06872507892283568,True
1776,1100.3259742041098,1197.9776220967062,1085.1319155104015,0.0683814535282215,True
1777,1100.3259742041098,1299.8268273151916,1085.1319155104015,0.0680395462605804,True
1778,1100.3259742041098,1127.737599966677,1085.1319155104015,0.06769934852927749,True
1779,1100.3259742041098,1377.8314089965295,1085.1319155104015,0.0673608517866311,True
1780,1100.3259742041098,1223.459869591485,1085.1319155104015,0.06702404752769794,True
1781,1100.3259742041098,1157.413534735104,1085.1319155104015,0.06668892729005946,True
1782,1100.3259742041098,1348.2687546742893,1085.1319155104015,0.06635548265360916,True
1783,1100.3259742041098,1242.8800563171726,1085.1319155104015,0.06602370524034111,True
1784,1100.3259742041098,1455.0761407533132,1085.1319155104015,0.0656935867141394,True
1785,1100.3259742041098,1433.9438974486707,1085.1319155104015,0.0653651187805687,True
1786,1100.3259742041098,1344.536482813587,1085.1319155104015,0.06503829318666586,True
1787,1100.3259742041098,1290.1669498142733,1085.1319155104015,0.06471310172073252,True
1788,1100.3259742041098,1212.6898929586523,1085.1319155104015,0.06438953621212887,True
1789,1100.3259742041098,1290.4495056501453,1085.1319155104015,0.06406758853106823,True
1790,1100.3259742041098,1457.1475021020467,1085.1319155104015,0.06374725058841288,True
1791,1100.3259742041098,1386.7581714826918,1085.1319155104015,0.06342851433547081,True
1792,1100.3259742041098,1346.8524060248733,1085.1319155104015,0.06311137176379346,True
1793,1100.3259742041098,1332.2480401784508,1085.1319155104015,0.06279581490497449,True
1794,1100.3259742041098,1292.1652050343496,1085.1319155104015,0.06248183583044962,True
1795,1100.3259742041098,1187.6453424101967,1085.1319155104015,0.06216942665129737,True
1796,1100.3259742041098,1192.0788823366308,1085.1319155104015,0.061858579518040885,True
1797,1100.3259742041098,1292.9674638787624,1085.1319155104015,0.06154928662045068,True
1798,1100.3259742041098,1248.2014504016481,1085.1319155104015,0.061241540187348426,True
1799,1100.3259742041098,1513.0332324150559,1085.1319155104015,0.060935332486411684,True
1800,1100.3259742041098,1411.1234662598013,1085.1319155104015,0.060630655823979626,True
1801,1100.3259742041098,1311.8432389961056,1085.1319155104015,0.060327502544859725,True
1802,1100.3259742041098,1281.2325673652101,1085.1319155104015,0.060025865032135424,True
1803,1100.3259742041098,1268.469477588736,1085.1319155104015,0.059725735706974745,True
1804,1100.3259742041098,1105.00816963145,1085.1319155104015,0.05942710702843987,True
1805,1100.3259742041098,1336.8910725687879,1085.1319155104015,0.05912997149329767,True
1806,1100.3259742041098,1144.2703306671908,1085.1319155104015,0.05883432163583118,True
1807,1100.3259742041098,1240.090532366228,1085.1319155104015,0.058540150027652026,True
1808,1100.3259742041098,1458.3302612061698,1085.1319155104015,0.05824744927751377,True
1809,1100.3259742041098,1241.6431599915088,1085.1319155104015,0.0579562120311262,True
1810,1100.3259742041098,1343.4909696808606,1085.1319155104015,0.057666430970970566,True
1811,1100.3259742041098,1240.9349607524548,1085.1319155104015,0.05737809881611571,True
1812,1100.3259742041098,1303.8127822681124,1085.1319155104015,0.05709120832203513,True
1813,1100.3259742041098,1303.540140706772,1085.1319155104015,0.056805752280424955,True
1814,1100.3259742041098,1256.4413971262147,1085.1319155104015,0.05652172351902283,True
1815,1100.3259742041098,1324.310269291391,1085.1319155104015,0.05623911490142771,True
1816,1100.3259742041098,1364.374288835215,1085.1319155104015,0.05595791932692057,True
1817,1100.3259742041098,1298.16543478847,1085.1319155104015,0.05567812973028596,True
1818,1100.3259742041098,1303.0273243410913,1085.1319155104015,0.055399739081634536,True
1819,1100.3259742041098,1252.4512917996494,1085.1319155104015,0.05512274038622636,True
1820,1100.3259742041098,1350.5537788935155,1085.1319155104015,0.05484712668429523,True
1821,1100.3259742041098,1347.964019487269,1085.1319155104015,0.05457289105087375,True
1822,1100.3259742041098,1438.4074553261455,1085.1319155104015,0.05430002659561938,True
1823,1100.3259742041098,1100.3259742041098,1085.1319155104015,0.05402852646264129,True
1824,1100.3259742041098,1211.9993019655478,1085.1319155104015,0.05375838383032808,True
1825,1100.3259742041098,1266.9501622149746,1085.1319155104015,0.053489591911176436,True
1826,1100.3259742041098,1437.4744149875692,1085.1319155104015,0.05322214395162055,True
1827,1100.3259742041098,1235.5742107057445,1085.1319155104015,0.05295603323186245,True
1828,1100.3259742041098,1339.6361101316922,1085.1319155104015,0.05269125306570314,True
1829,1100.3259742041098,1285.9745853911722,1085.1319155104015,0.05242779680037462,True
1830,1100.3259742041098,1250.6684046052249,1085.1319155104015,0.052165657816372744,True
1831,1100.3259742041098,1213.6755156107042,1085.1319155104015,0.05190482952729088,True
1832,1100.3259742041098,1292.1652050343496,1085.1319155104015,0.05164530537965442,True
1833,1100.3259742041098,1108.1505062766194,1085.1319155104015,0.051387078852756146,True
1834,1100.3259742041098,1313.0209244937555,1085.1319155104015,0.051130143458492365,True
1835,1100.3259742041098,1306.8747659955573,1085.1319155104015,0.0508744927411999,True
1836,1100.3259742041098,1270.841993331875,1085.1319155104015,0.0506201202774939,True
1837,1100.3259742041098,1284.3565623643606,1085.1319155104015,0.050367019676106434,True
1838,1100.3259742041098,1223.7601486117665,1085.1319155104015,0.0501151845777259,True
1839,1100.3259742041098,1321.5645988052368,1085.1319155104015,0.04986460865483727,True
1840,1100.3259742041098,1193.6002472816563,1085.1319155104015,0.04961528561156309,True
1841,1100.3259742041098,1272.098827250306,1085.1319155104015,0.04936720918350527,True
1842,1100.3259742041098,1275.3367179224272,1085.1319155104015,0.04912037313758774,True
1843,1100.3259742041098,1257.060962423435,1085.1319155104015,0.048874771271899806,True
1844,1100.3259742041098,1551.5871935852333,1085.1319155104015,0.04863039741554031,True
1845,1100.3259742041098,1276.4692104514993,1085.1319155104015,0.04838724542846261,True
1846,1100.3259742041098,1321.6351396482814,1085.1319155104015,0.0481453092013203,True
1847,1100.3259742041098,1285.6527881075071,1085.1319155104015,0.04790458265531369,True
1848,1100.3259742041098,1158.7842916010661,1085.1319155104015,0.04766505974203712,True
1849,1100.3259742041098,1202.1912136565527,1085.1319155104015,0.047426734443326936,True
1850,1100.3259742041098,1254.376686098084,1085.1319155104015,0.0471896007711103,True
1851,1100.3259742041098,1242.8800563171726,1085.1319155104015,0.046953652767254744,True
1852,1100.3259742041098,1222.8307815475425,1085.1319155104015,0.04671888450341847,True
1853,1100.3259742041098,1306.721928627187,1085.1319155104015,0.046485290080901374,True
1854,1100.3259742041098,1233.3763803594068,1085.1319155104015,0.04625286363049687,True
1855,1100.3259742041098,1236.07029157856,1085.1319155104015,0.04602159931234438,True
1856,1100.3259742041098,1480.128788555985,1085.1319155104015,0.04579149131578266,True
1857,1100.3259742041098,1100.3259742041098,1085.1319155104015,0.045562533859203745,True
1858,1100.3259742041098,1242.8800563171726,1085.1319155104015,0.04533472118990772,True
1859,1100.3259742041098,1275.3660262875883,1085.1319155104015,0.045108047583958186,True
1860,1100.3259742041098,1245.0529314304217,1085.1319155104015,0.044882507346038394,True
1861,1100.3259742041098,1423.19675485682,1085.1319155104015,0.0446580948093082,True
1862,1100.3259742041098,1396.0965029415315,1085.1319155104015,0.04443480433526166,True
1863,1100.3259742041098,1248.5113331193675,1085.1319155104015,0.044212630313585355,True
1864,1100.3259742041098,1124.5942186302755,1085.1319155104015,0.04399156716201743,True
1865,1100.3259742041098,1266.385072369732,1085.1319155104015,0.04377160932620734,True
1866,1100.3259742041098,1108.5724677094556,1085.1319155104015,0.04355275127957631,True
1867,1100.3259742041098,1197.9776220967062,1085.1319155104015,0.04333498752317842,True
1868,1100.3259742041098,1317.7951225926072,1085.1319155104015,0.04311831258556253,True
1869,1100.3259742041098,1302.0644560683452,1085.1319155104015,0.04290272102263472,True
1870,1100.3259742041098,1442.2354280120746,1085.1319155104015,0.042688207417521544,True
1871,1100.3259742041098,1287.115514603574,1085.1319155104015,0.04247476638043394,True
1872,1100.3259742041098,1146.6284027306776,1085.1319155104015,0.04226239254853177,True
1873,1100.3259742041098,1234.8089288955139,1085.1319155104015,0.04205108058578911,True
1874,1100.3259742041098,1232.1330123852763,1085.1319155104015,0.04184082518286016,True
1875,1100.3259742041098,1254.376686098084,1085.1319155104015,0.04163162105694586,True
1876,1100.3259742041098,1187.6453424101967,1085.1319155104015,0.041423462951661126,True
1877,1100.3259742041098,1315.5404354928326,1085.1319155104015,0.041216345636902824,True
1878,1100.3259742041098,1254.554189414639,1085.1319155104015,0.04101026390871831,True
1879,1100.3259742041098,1326.0047076625526,1085.1319155104015,0.040805212589174716,True
1880,1100.3259742041098,1202.9661903241026,1085.1319155104015,0.04060118652622884,True
1881,1100.3259742041098,1284.3576607704088,1085.1319155104015,0.0403981805935977,True
1882,1100.3259742041098,1178.092562885116,1085.1319155104015,0.040196189690629706,True
1883,1100.3259742041098,1344.7729523025512,1085.1319155104015,0.03999520874217656,True
1884,1100.3259742041098,1279.5492569438147,1085.1319155104015,0.03979523269846568,True
1885,1100.3259742041098,1160.0948299711495,1085.1319155104015,0.039596256534973354,True
1886,1100.3259742041098,1303.8127822681124,1085.1319155104015,0.039398275252298484,True
1887,1100.3259742041098,1218.532994870962,1085.1319155104015,0.03920128387603699,True
1888,1100.3259742041098,1285.0391070782423,1085.1319155104015,0.03900527745665681,True
1889,1100.3259742041098,1285.1340807501979,1085.1319155104015,0.038810251069373525,True
1890,1100.3259742041098,1405.8624246565835,1085.1319155104015,0.038616199814026655,True
1891,1100.3259742041098,1313.9000145879618,1085.1319155104015,0.038423118814956525,True
1892,1100.3259742041098,1146.6284027306776,1085.1319155104015,0.03823100322088174,True
1893,1100.3259742041098,1315.5693558225842,1085.1319155104015,0.038039848204777335,True
1894,1100.3259742041098,1297.0705017142052,1085.1319155104015,0.03784964896375345,True
1895,1100.3259742041098,1285.3210639598803,1085.1319155104015,0.037660400718934686,True
1896,1100.3259742041098,1385.4619840699133,1085.1319155104015,0.03747209871534001,True
1897,1100.3259742041098,1260.6203964505708,1085.1319155104015,0.037284738221763314,True
1898,1100.3259742041098,1294.3194451506213,1085.1319155104015,0.0370983145306545,True
1899,1100.3259742041098,1407.0711327550134,1085.1319155104015,0.036912822958001225,True
1900,1100.3259742041098,1100.3259742041098,1085.1319155104015,0.036728258843211216,True
1901,1100.3259742041098,1235.5742107057445,1085.1319155104015,0.036544617548995156,True
1902,1100.3259742041098,1275.0186244407273,1085.1319155104015,0.03636189446125018,True
1903,1100.3259742041098,1145.5804878273734,1085.1319155104015,0.036180084988943935,True
1904,1100.3259742041098,1463.8733784056276,1085.1319155104015,0.03599918456399921,True
1905,1100.3259742041098,1270.6319078066354,1085.1319155104015,0.035819188641179216,True
1906,1100.3259742041098,1335.1490325562602,1085.1319155104015,0.035640092697973316,True
1907,1100.3259742041098,1278.897835212957,1085.1319155104015,0.03546189223448345,True
1908,1100.3259742041098,1202.9661903241026,1085.1319155104015,0.03528458277331103,True
1909,1100.3259742041098,1295.7967261906745,1085.1319155104015,0.035108159859444474,True
1910,1100.3259742041098,1169.4574184165638,1085.1319155104015,0.03493261906014725,True
1911,1100.3259742041098,1302.0844947623618,1085.1319155104015,0.034757955964846515,True
1912,1100.3259742041098,1204.49718670777,1085.1319155104015,0.03458416618502228,True
1913,1100.3259742041098,1286.611389233447,1085.1319155104015,0.03441124535409717,True
1914,1100.3259742041098,1177.3531903140195,1085.1319155104015,0.03423918912732668,True
1915,1100.3259742041098,1291.6615105992673,1085.1319155104015,0.03406799318169005,True
1916,1100.3259742041098,1285.0391070782423,1085.1319155104015,0.0338976532157816,True
1917,1100.3259742041098,1252.4512917996494,1085.1319155104015,0.03372816494970269,True
1918,1100.3259742041098,1468.8108763672121,1085.1319155104015,0.03355952412495418,False
1919,1100.3259742041098,1321.8535194242868,1085.1319155104015,0.03339172650432941,True
1920,1100.3259742041098,1324.310269291391,1085.1319155104015,0.03322476787180776,True
1921,1100.3259742041098,1278.1042083854948,1085.1319155104015,0.03305864403244872,True
1922,1100.3259742041098,1155.3969214323308,1085.1319155104015,0.032893350812286476,True
1923,1100.3259742041098,1228.0714264010746,1085.1319155104015,0.03272888405822504,True
1924,1100.3259742041098,1279.3151327933358,1085.1319155104015,0.03256523963793392,True
1925,1100.3259742041098,1264.4687460317598,1085.1319155104015,0.032402413439744246,True
1926,1100.3259742041098,1296.3489755114535,1085.1319155104015,0.032240401372545524,True
1927,1100.3259742041098,1296.1470244751135,1085.1319155104015,0.0320791993656828,True
1928,1100.3259742041098,1423.7311489822648,1085.1319155104015,0.03191880336885439,True
1929,1100.3259742041098,1313.9000145879618,1085.1319155104015,0.03175920935201011,True
1930,1100.3259742041098,1165.9729012176308,1085.1319155104015,0.03160041330525006,True
1931,1100.3259742041098,1262.8196395398513,1085.1319155104015,0.031442411238723815,True
1932,1100.3259742041098,1391.130618663305,1085.1319155104015,0.0312851991825302,True
1933,1100.3259742041098,1266.185996763312,1085.1319155104015,0.031128773186617546,True
1934,1100.3259742041098,1397.8343721761128,1085.1319155104015,0.030973129320684457,False
1935,1100.3259742041098,1188.6692790707343,1085.1319155104015,0.030818263674081033,True
1936,1100.3259742041098,1292.7332086054125,1085.1319155104015,0.030664172355710628,True
1937,1100.3259742041098,1250.322761387163,1085.1319155104015,0.030510851493932074,True
1938,1100.3259742041098,1240.1760909198454,1085.1319155104015,0.030358297236462415,True
1939,1100.3259742041098,1315.5693558225842,1085.1319155104015,0.030206505750280103,True
1940,1100.3259742041098,1166.759060624105,1085.1319155104015,0.030055473221528704,True
1941,1100.3259742041098,1146.6284027306776,1085.1319155104015,0.02990519585542106,True
1942,1100.3259742041098,1358.1854289424064,1085.1319155104015,0.029755669876143954,False
1943,1100.3259742041098,1280.1037118240354,1085.1319155104015,0.029606891526763233,True
1944,1100.3259742041098,1158.7907337651413,1085.1319155104015,0.029458857069129415,True
1945,1100.3259742041098,1383.5028342435808,1085.1319155104015,0.02931156278378377,True
1946,1100.3259742041098,1335.3354117110584,1085.1319155104015,0.02916500496986485,True
1947,1100.3259742041098,1217.610514480416,1085.1319155104015,0.029019179945015527,True
1948,1100.3259742041098,1240.9349607524548,1085.1319155104015,0.02887408404529045,True
1949,1100.3259742041098,1321.6351396482814,1085.1319155104015,0.028729713625063998,True
1950,1100.3259742041098,1153.4272899392,1085.1319155104015,0.028586065056938677,True
1951,1100.3259742041098,1397.8343721761128,1085.1319155104015,0.028443134731653982,False
1952,1100.3259742041098,1335.1490325562602,1085.1319155104015,0.028300919057995713,True
1953,1100.3259742041098,1355.292808986786,1085.1319155104015,0.028159414462705736,True
1954,1100.3259742041098,1320.3694954372575,1085.1319155104015,0.028018617390392207,True
1955,1100.3259742041098,1283.2512243175536,1085.1319155104015,0.027878524303440247,True
1956,1100.3259742041098,1108.5724677094556,1085.1319155104015,0.027739131681923046,True
1957,1100.3259742041098,1100.3259742041098,1085.1319155104015,0.02760043602351343,True
1958,1100.3259742041098,1494.3660321987477,1085.1319155104015,0.02746243384339586,True
1959,1100.3259742041098,1443.0438051300334,1085.1319155104015,0.027325121674178884,True
1960,1100.3259742041098,1346.7515789849838,1085.1319155104015,0.02718849606580799,True
1961,1100.3259742041098,1246.9638436494517,1085.1319155104015,0.02705255358547895,True
1962,1100.3259742041098,1100.3259742041098,1085.1319155104015,0.026917290817551554,True
1963,1100.3259742041098,1525.7020385968829,1085.1319155104015,0.026782704363463795,False
1964,1100.3259742041098,1339.6361101316922,1085.1319155104015,0.026648790841646477,True
1965,1100.3259742041098,1268.9786959197943,1085.1319155104015,0.026515546887438245,True
1966,1100.3259742041098,1376.6651348089322,1085.1319155104015,0.026382969153001055,True
1967,1100.3259742041098,1282.4054074088174,1085.1319155104015,0.02625105430723605,True
1968,1100.3259742041098,1386.7581714826918,1085.1319155104015,0.02611979903569987,True
1969,1100.3259742041098,1408.8354899174487,1085.1319155104015,0.02598920004052137,True
1970,1100.3259742041098,1125.771847157616,1085.1319155104015,0.025859254040318764,True
1971,1100.3259742041098,1393.0952881152534,1085.1319155104015,0.02572995777011717,True
1972,1100.3259742041098,1213.6755156107042,1085.1319155104015,0.025601307981266582,True
1973,1100.3259742041098,1321.1259385563303,1085.1319155104015,0.02547330144136025,True
1974,1100.3259742041098,1231.0878495744232,1085.1319155104015,0.02534593493415345,True
1975,1100.3259742041098,1309.0574826792247,1085.1319155104015,0.025219205259482683,True
1976,1100.3259742041098,1341.039812135337,1085.1319155104015,0.02509310923318527,True
1977,1100.3259742041098,1312.7912867175805,1085.1319155104015,0.024967643687019342,True
1978,1100.3259742041098,1123.9663630182474,1085.1319155104015,0.024842805468584243,True
1979,1100.3259742041098,1193.431195840877,1085.1319155104015,0.024718591441241323,True
1980,1100.3259742041098,1361.9379155174931,1085.1319155104015,0.024594998484035117,False
1981,1100.3259742041098,1267.1170400044841,1085.1319155104015,0.024472023491614942,True
1982,1100.3259742041098,1295.7967261906745,1085.1319155104015,0.024349663374156866,True
1983,1100.3259742041098,1184.2159524300112,1085.1319155104015,0.02422791505728608,True
1984,1100.3259742041098,1332.2480401784508,1085.1319155104015,0.024106775481999652,True
1985,1100.3259742041098,1219.3349801709533,1085.1319155104015,0.023986241604589655,True
1986,1100.3259742041098,1120.6023798677963,1085.1319155104015,0.023866310396566705,True
1987,1100.3259742041098,1460.7172300605707,1085.1319155104015,0.02374697884458387,True
1988,1100.3259742041098,1302.0844947623618,1085.1319155104015,0.02362824395036095,True
1989,1100.3259742041098,1308.1831836516872,1085.1319155104015,0.023510102730609144,True
1990,1100.3259742041098,1231.1032754217917,1085.1319155104015,0.0233925522169561,True
1991,1100.3259742041098,1263.105825999881,1085.1319155104015,0.02327558945587132,True
1992,1100.3259742041098,1169.8305124914257,1085.1319155104015,0.023159211508591963,True
1993,1100.3259742041098,1426.0941637544074,1085.1319155104015,0.023043415451049,True
1994,1100.3259742041098,1171.9516516857723,1085.1319155104015,0.022928198373793757,True
1995,1100.3259742041098,1263.4916198504102,1085.1319155104015,0.02281355738192479,True
1996,1100.3259742041098,1363.1979664298465,1085.1319155104015,0.022699489595015165,True
1997,1100.3259742041098,1219.94245493016,1085.1319155104015,0.02258599214704009,True
1998,1100.3259742041098,1272.6099760665243,1085.1319155104015,0.02247306218630489,True
1999,1100.3259742041098,1283.8529942334656,1085.1319155104015,0.022360696875373367,True
2000,1100.3259742041098,1330.618170161794,1085.1319155104015,0.0222488933909965,True
